,instrument_name,industry_name,sector_name,name,type,description,data_vendor,website_vendor
0,Macro-economic Indicator,industry,sector,FRED/GDPPOT,datasets,Real Potential Gross Domestic Product,Quandl,https://www.quandl.com/
1,Fixed Income Index,industry,sector,ML/EMCBI,datasets,Emerging Markets Corporate Bond Index OAS,Quandl,https://www.quandl.com/
2,Fixed Income Index,industry,sector,ML/EMCTRI,datasets,Emerging Markets Corporate Bond Total Return Index,Quandl,https://www.quandl.com/
3,Fixed Income Index,industry,sector,ML/EMHGY,datasets,Emerging Markets High Grade Corporate Bond Index Yield,Quandl,https://www.quandl.com/
4,Fixed Income Index,industry,sector,ML/EMHYY,datasets,Emerging Markets High Yield Corporate Bond Index Yield,Quandl,https://www.quandl.com/
5,Fixed Income Index,industry,sector,ML/EEMCBI,datasets,Euro Emerging Markets Corporate Bond Index (Yield),Quandl,https://www.quandl.com/
6,Fixed Income Index,industry,sector,ML/EMHG,datasets,Europe/Middle East/Africa (EMEA) Corporate Bond Total Return Index,Quandl,https://www.quandl.com/
7,Fixed Income Index,industry,sector,ML/IGEM,datasets,IG Emerging Markets Corporate Bond Total Return Index,Quandl,https://www.quandl.com/
8,Fixed Income Index,industry,sector,ML/USEY,datasets,US Corporate Bond Index Yield,Quandl,https://www.quandl.com/
9,Fixed Income Index,industry,sector,ML/TRI,datasets,US Corporate Bonds Total Return Index,Quandl,https://www.quandl.com/
10,Fixed Income Index,industry,sector,ML/USTRI,datasets,US High Yield Corporate Bond Index (Yield),Quandl,https://www.quandl.com/
11,Fixed Income Index,industry,sector,ML/HYOAS,datasets,US High Yield Corporate Bond Index OAS,Quandl,https://www.quandl.com/
12,Interest Rates,industry,sector,USTREASURY/YIELD,datasets,Treasury Yield Curve Rates,Quandl,https://www.quandl.com/
13,Interest Rates,industry,sector,USTREASURY/BILLRATES,datasets,Treasury Bill Rates,Quandl,https://www.quandl.com/
14,Interest Rates,industry,sector,USTREASURY/REALYIELD,datasets,Treasury Real Yield Curve Rates,Quandl,https://www.quandl.com/
15,Interest Rates,industry,sector,USTREASURY/REALLONGTERM,datasets,Treasury Real Long-Term Rates,Quandl,https://www.quandl.com/
16,Interest Rates,industry,sector,USTREASURY/MKTDM,datasets,Marketable Debt Maturing in Next 12 to 36 Months,Quandl,https://www.quandl.com/
17,Interest Rates,industry,sector,USTREASURY/TMBOR,datasets,Treasury Net Marketable Borrowing,Quandl,https://www.quandl.com/
18,Interest Rates,industry,sector,USTREASURY/BRDNM,datasets,Breakdown of Marketable Issuance,Quandl,https://www.quandl.com/
19,Interest Rates,industry,sector,USTREASURY/BRDNM,datasets,Treasury Net Nonmarketable Borrowing,Quandl,https://www.quandl.com/
20,Interest Rates,industry,sector,USTREASURY/AVMAT,datasets,Average Maturity of Total Outstanding Treasury Marketable Securities,Quandl,https://www.quandl.com/
21,Interest Rates,industry,sector,USTREASURY/LONGTERMRATES,datasets,Treasury Long Term Rates,Quandl,https://www.quandl.com/
22,Interest Rates,industry,sector,USTREASURY/HQMYC,datasets,High Quality Market Corporate Bond Yield Curve Spot Rates,Quandl,https://www.quandl.com/
23,Interest Rates,industry,sector,USTREASURY/MATDIS,datasets,Maturity Distribution and Average Length of Marketable Interest-Bearing Public Debt,Quandl,https://www.quandl.com/
24,ETF,industry,sector,VEA,time_series,Developed Markets,Yahoo_Finance,https://finance.yahoo.com/
25,ETF,industry,sector,EMB,time_series,Emerging Markets Bonds,Yahoo_Finance,https://finance.yahoo.com/
26,ETF,industry,sector,VWO,time_series,Emerging Markets,Yahoo_Finance,https://finance.yahoo.com/
27,ETF,industry,sector,VTIP,time_series,Inflation-Protected Bonds,Yahoo_Finance,https://finance.yahoo.com/
28,ETF,industry,sector,BNDX,time_series,International Bonds,Yahoo_Finance,https://finance.yahoo.com/
29,ETF,industry,sector,MUB,time_series,Municipal Bonds,Yahoo_Finance,https://finance.yahoo.com/
30,ETF,industry,sector,LQD,time_series,US Corporate Bonds,Yahoo_Finance,https://finance.yahoo.com/
31,ETF,industry,sector,VTV,time_series,US Large-Cap Value,Yahoo_Finance,https://finance.yahoo.com/
32,ETF,industry,sector,VOE,time_series,US Mid-Cap Value,Yahoo_Finance,https://finance.yahoo.com/
33,ETF,industry,sector,VBR,time_series,US Small-Cap Value,Yahoo_Finance,https://finance.yahoo.com/
34,ETF,industry,sector,VTI,time_series,US Total Stock Market,Yahoo_Finance,https://finance.yahoo.com/
35,ETF,industry,sector,SCZ,time_series,Developed Markets Small-Cap Stocks,Yahoo_Finance,https://finance.yahoo.com/
36,ETF,industry,sector,GSIE,time_series,Developed Markets,Yahoo_Finance,https://finance.yahoo.com/
37,ETF,industry,sector,LEMB,time_series,Emerging Markets Bonds Local Currency,Yahoo_Finance,https://finance.yahoo.com/
38,ETF,industry,sector,EMB,time_series,Emerging Markets Bonds,Yahoo_Finance,https://finance.yahoo.com/
39,ETF,industry,sector,GEM,time_series,Emerging Markets,Yahoo_Finance,https://finance.yahoo.com/
40,ETF,industry,sector,TIP,time_series,Inflation-Protected Bonds,Yahoo_Finance,https://finance.yahoo.com/
41,ETF,industry,sector,MUB,time_series,Municipal Bonds,Yahoo_Finance,https://finance.yahoo.com/
42,ETF,industry,sector,GBIL,time_series,Short-Term Treasuries,Yahoo_Finance,https://finance.yahoo.com/
43,ETF,industry,sector,GIGB,time_series,US Corporate Bonds,Yahoo_Finance,https://finance.yahoo.com/
44,ETF,industry,sector,GHYB,time_series,US High Yield Corporate Bonds,Yahoo_Finance,https://finance.yahoo.com/
45,ETF,industry,sector,VCLT,time_series,US High-Quality High Duration Bonds,Yahoo_Finance,https://finance.yahoo.com/
46,ETF,industry,sector,GSLC,time_series,US Large-Cap,Yahoo_Finance,https://finance.yahoo.com/
47,ETF,industry,sector,GSSC,time_series,US Small-Cap Stocks,Yahoo_Finance,https://finance.yahoo.com/
48,ETF,industry,sector,IEI,time_series,Intermediate-Term Treasuries,Yahoo_Finance,https://finance.yahoo.com/
49,ETF,industry,sector,SHY,time_series,Short-Term Treasuries,Yahoo_Finance,https://finance.yahoo.com/
50,ETF,industry,sector,FLOT,time_series,US Floating Rate Corporate Bonds,Yahoo_Finance,https://finance.yahoo.com/
51,ETF,industry,sector,CIU,time_series,US Intermediate Term Corporate Bonds,Yahoo_Finance,https://finance.yahoo.com/
52,ETF,industry,sector,MBB,time_series,US Mortgage Backed Bonds,Yahoo_Finance,https://finance.yahoo.com/
53,ETF,industry,sector,CSJ,time_series,US Short Term Corporate Bonds,Yahoo_Finance,https://finance.yahoo.com/
54,ETF,industry,sector,BIL,time_series,SPDR Barclays 1-3 Month T-Bill ETF,Yahoo_Finance,https://finance.yahoo.com/
55,ETF,industry,sector,VNQ,time_series,Vanguard Real Estate Index Fund,Yahoo_Finance,https://finance.yahoo.com/
56,ETF,industry,sector,HYG,time_series,iShares iBoxx $ High Yield Corporate Bond ETF,Yahoo_Finance,https://finance.yahoo.com/
57,ETF,industry,sector,IWM,time_series,iShares Russell 2000 ETF,Yahoo_Finance,https://finance.yahoo.com/
58,ETF,industry,sector,SPY,time_series,SPDR S&P 500 ETF,Yahoo_Finance,https://finance.yahoo.com/
59,ETF,industry,sector,DJCI,time_series,E-TRACS DJ-UBS Commodity Index,Yahoo_Finance,https://finance.yahoo.com/
60,ETF,industry,sector,IAU,time_series,iShares Gold Trust,Yahoo_Finance,https://finance.yahoo.com/
61,ETF,industry,sector,VGLT,time_series,Vanguard Long-Term Treasury ETF,Yahoo_Finance,https://finance.yahoo.com/
62,ETF,industry,sector,VGIT,time_series,Vanguard Intermediate-Term Treasury ETF,Yahoo_Finance,https://finance.yahoo.com/
63,ETF,industry,sector,IBND,time_series,SPDR Barclays Capital International Corporate Bond ETF,Yahoo_Finance,https://finance.yahoo.com/
0,Equities,industry,Information Technology,AAPL,datasets,"Apple Inc (AAPL) Prices, Dividends, Splits and Trading Volume",Yahoo_Finance,https://finance.yahoo.com/
1,Equities,industry,Health Care,ABC,datasets,"AmerisourceBergen Corp. (ABC) Prices, Dividends, Splits and Trading Volume",Yahoo_Finance,https://finance.yahoo.com/
2,Equities,industry,Health Care,ABBV,datasets,"AbbVie Inc. (ABBV) Prices, Dividends, Splits and Trading Volume",Yahoo_Finance,https://finance.yahoo.com/
3,Equities,industry,Health Care,AGN,datasets,"Allergan Inc. (AGN) Prices, Dividends, Splits and Trading Volume",Yahoo_Finance,https://finance.yahoo.com/
4,Equities,industry,Information Technology,ADP,datasets,"Automatic Data Processing Inc. (ADP) Prices, Dividends, Splits and Trading Volume",Yahoo_Finance,https://finance.yahoo.com/
5,Equities,industry,Information Technology,ADSK,datasets,"Autodesk Inc. (ADSK) Prices, Dividends, Splits and Trading Volume",Yahoo_Finance,https://finance.yahoo.com/
6,Equities,industry,Health Care,ABT,datasets,"Abbott Laboratories (ABT) Prices, Dividends, Splits and Trading Volume",Yahoo_Finance,https://finance.yahoo.com/
7,Equities,industry,Utilities,AEE,datasets,"Ameren Corp. (AEE) Prices, Dividends, Splits and Trading Volume",Yahoo_Finance,https://finance.yahoo.com/
8,Equities,industry,Information Technology,ACN,datasets,"Accenture plc (ACN) Prices, Dividends, Splits and Trading Volume",Yahoo_Finance,https://finance.yahoo.com/
9,Equities,industry,Utilities,AEP,datasets,"American Electric Power Company (AEP) Prices, Dividends, Splits and Trading Volume",Yahoo_Finance,https://finance.yahoo.com/
10,Equities,industry,Information Technology,ADBE,datasets,"Adobe Systems Incorporated (ADBE) Prices, Dividends, Splits and Trading Volume",Yahoo_Finance,https://finance.yahoo.com/
11,Equities,industry,Health Care,AET,datasets,"Aetna Inc. (AET) Prices, Dividends, Splits and Trading Volume",Yahoo_Finance,https://finance.yahoo.com/
12,Equities,industry,Information Technology,ADI,datasets,"Analog Devices Inc. (ADI) Prices, Dividends, Splits and Trading Volume",Yahoo_Finance,https://finance.yahoo.com/
13,Equities,industry,Consumer Staples,ADM,datasets,"Archer Daniels Midland Co. (ADM) Prices, Dividends, Splits and Trading Volume",Yahoo_Finance,https://finance.yahoo.com/
14,Equities,industry,Information Technology,ADS,datasets,"Alliance Data Systems Corp. (ADS) Prices, Dividends, Splits and Trading Volume",Yahoo_Finance,https://finance.yahoo.com/
15,Equities,industry,Real Estate,AIV,datasets,"Apartment Investment & Management Co. (AIV) Prices, Dividends, Splits and Trading Volume",Yahoo_Finance,https://finance.yahoo.com/
16,Equities,industry,Financials,ALL,datasets,"Allstate Corp. (ALL) Prices, Dividends, Splits and Trading Volume",Yahoo_Finance,https://finance.yahoo.com/
17,Equities,industry,Utilities,AES,datasets,"AES Corp. (AES) Prices, Dividends, Splits and Trading Volume",Yahoo_Finance,https://finance.yahoo.com/
18,Equities,industry,Health Care,ALXN,datasets,"Alexion Pharmaceuticals Inc. (ALXN) Prices, Dividends, Splits and Trading Volume",Yahoo_Finance,https://finance.yahoo.com/
19,Equities,industry,Financials,AFL,datasets,"American Family Life Assurance Co. of Columbus (AFL) Prices, Dividends, Splits and Trading Volume",Yahoo_Finance,https://finance.yahoo.com/
20,Equities,industry,Information Technology,AMAT,datasets,"Applied Materials Inc. (AMAT) Prices, Dividends, Splits and Trading Volume",Yahoo_Finance,https://finance.yahoo.com/
21,Equities,industry,Financials,AIG,datasets,"American International Group Inc (AIG) Prices, Dividends, Splits and Trading Volume",Yahoo_Finance,https://finance.yahoo.com/
22,Equities,industry,Health Care,AMGN,datasets,"Amgen Inc (AMGN) Prices, Dividends, Splits and Trading Volume",Yahoo_Finance,https://finance.yahoo.com/
23,Equities,industry,Financials,AIZ,datasets,"Assurant Inc. (AIZ) Prices, Dividends, Splits and Trading Volume",Yahoo_Finance,https://finance.yahoo.com/
24,Equities,industry,Real Estate,AMT,datasets,"American Tower Corp (New) (AMT) Prices, Dividends, Splits and Trading Volume",Yahoo_Finance,https://finance.yahoo.com/
25,Equities,industry,Information Technology,AKAM,datasets,"Akamai Technologies Inc. (AKAM) Prices, Dividends, Splits and Trading Volume",Yahoo_Finance,https://finance.yahoo.com/
26,Equities,industry,Industrials,ALLE,datasets,"Allegion Plc (ALLE) Prices, Dividends, Splits and Trading Volume",Yahoo_Finance,https://finance.yahoo.com/
27,Equities,industry,Industrials,AME,datasets,"AMETEK Inc. (AME) Prices, Dividends, Splits and Trading Volume",Yahoo_Finance,https://finance.yahoo.com/
28,Equities,industry,Financials,AMP,datasets,"Ameriprise Financial Inc (AMP) Prices, Dividends, Splits and Trading Volume",Yahoo_Finance,https://finance.yahoo.com/
29,Equities,industry,Consumer Discretionary,AMZN,datasets,"Amazon.com Inc. (AMZN) Prices, Dividends, Splits and Trading Volume",Yahoo_Finance,https://finance.yahoo.com/
30,Equities,industry,Health Care,A,datasets,"Agilent Technologies Inc. (A) Prices, Dividends, Splits and Trading Volume",Yahoo_Finance,https://finance.yahoo.com/
31,Equities,industry,Financials,AON,datasets,"Aon Plc (AON) Prices, Dividends, Splits and Trading Volume",Yahoo_Finance,https://finance.yahoo.com/
32,Equities,industry,Materials,APD,datasets,"Air Products & Chemicals Inc. (APD) Prices, Dividends, Splits and Trading Volume",Yahoo_Finance,https://finance.yahoo.com/
33,Equities,industry,Information Technology,APH,datasets,"Amphenol Corp. (APH) Prices, Dividends, Splits and Trading Volume",Yahoo_Finance,https://finance.yahoo.com/
34,Equities,industry,Real Estate,AVB,datasets,"Avalonbay Communities Inc. (AVB) Prices, Dividends, Splits and Trading Volume",Yahoo_Finance,https://finance.yahoo.com/
35,Equities,industry,Energy,APA,datasets,"Apache Corp. (APA) Prices, Dividends, Splits and Trading Volume",Yahoo_Finance,https://finance.yahoo.com/
36,Equities,industry,Energy,APC,datasets,"Anadarko Petroleum Corp (APC) Prices, Dividends, Splits and Trading Volume",Yahoo_Finance,https://finance.yahoo.com/
37,Equities,industry,Financials,AXP,datasets,"American Express Co. (AXP) Prices, Dividends, Splits and Trading Volume",Yahoo_Finance,https://finance.yahoo.com/
38,Equities,industry,Consumer Discretionary,AZO,datasets,"AutoZone Inc. (AZO) Prices, Dividends, Splits and Trading Volume",Yahoo_Finance,https://finance.yahoo.com/
39,Equities,industry,Industrials,BA,datasets,"The Boeing Co. (BA) Prices, Dividends, Splits and Trading Volume",Yahoo_Finance,https://finance.yahoo.com/
40,Equities,industry,Financials,BAC,datasets,"Bank of America Corp. (BAC) Prices, Dividends, Splits and Trading Volume",Yahoo_Finance,https://finance.yahoo.com/
41,Equities,industry,Materials,AVY,datasets,"Avery Dennison Corp. (AVY) Prices, Dividends, Splits and Trading Volume",Yahoo_Finance,https://finance.yahoo.com/
42,Equities,industry,Financials,BEN,datasets,"Franklin Resources Inc. (BEN) Prices, Dividends, Splits and Trading Volume",Yahoo_Finance,https://finance.yahoo.com/
43,Equities,industry,Health Care,BAX,datasets,"Baxter International Inc. (BAX) Prices, Dividends, Splits and Trading Volume",Yahoo_Finance,https://finance.yahoo.com/
44,Equities,industry,Financials,BBT,datasets,"BB&T Corp. (BBT) Prices, Dividends, Splits and Trading Volume",Yahoo_Finance,https://finance.yahoo.com/
45,Equities,industry,Health Care,BIIB,datasets,"Biogen Inc (BIIB) Prices, Dividends, Splits and Trading Volume",Yahoo_Finance,https://finance.yahoo.com/
46,Equities,industry,Consumer Discretionary,BBY,datasets,"Best Buy Inc (BBY) Prices, Dividends, Splits and Trading Volume",Yahoo_Finance,https://finance.yahoo.com/
47,Equities,industry,Materials,BLL,datasets,"Ball Corp (BLL) Prices, Dividends, Splits and Trading Volume",Yahoo_Finance,https://finance.yahoo.com/
48,Equities,industry,Health Care,BDX,datasets,"Becton Dickinson & Co. (BDX) Prices, Dividends, Splits and Trading Volume",Yahoo_Finance,https://finance.yahoo.com/
49,Equities,industry,Health Care,BSX,datasets,"Boston Scientific Corp. (BSX) Prices, Dividends, Splits and Trading Volume",Yahoo_Finance,https://finance.yahoo.com/
50,Equities,industry,Financials,BK,datasets,"Bank of New York Mellon Corp (BK) Prices, Dividends, Splits and Trading Volume",Yahoo_Finance,https://finance.yahoo.com/
51,Equities,industry,Consumer Discretionary,BWA,datasets,"BorgWarner Inc. (BWA) Prices, Dividends, Splits and Trading Volume",Yahoo_Finance,https://finance.yahoo.com/
52,Equities,industry,Financials,BLK,datasets,"BlackRock Inc. (BLK) Prices, Dividends, Splits and Trading Volume",Yahoo_Finance,https://finance.yahoo.com/
53,Equities,industry,Real Estate,BXP,datasets,"Boston Properties Inc. (BXP) Prices, Dividends, Splits and Trading Volume",Yahoo_Finance,https://finance.yahoo.com/
54,Equities,industry,Information Technology,CA,datasets,"CA Technologies (CA) Prices, Dividends, Splits and Trading Volume",Yahoo_Finance,https://finance.yahoo.com/
55,Equities,industry,Health Care,BMY,datasets,"Bristol-Myers Squibb Co. (BMY) Prices, Dividends, Splits and Trading Volume",Yahoo_Finance,https://finance.yahoo.com/
56,Equities,industry,Industrials,CAT,datasets,"Caterpillar Inc. (CAT) Prices, Dividends, Splits and Trading Volume",Yahoo_Finance,https://finance.yahoo.com/
57,Equities,industry,Consumer Discretionary,CBS,datasets,"CBS Corp (CBS) Prices, Dividends, Splits and Trading Volume",Yahoo_Finance,https://finance.yahoo.com/
58,Equities,industry,Financials,C,datasets,"Citigroup Inc (C) Prices, Dividends, Splits and Trading Volume",Yahoo_Finance,https://finance.yahoo.com/
59,Equities,industry,Real Estate,CCI,datasets,"Crown Castle International Corp (New) (CCI) Prices, Dividends, Splits and Trading Volume",Yahoo_Finance,https://finance.yahoo.com/
60,Equities,industry,Consumer Staples,CAG,datasets,"ConAgra Foods Inc. (CAG) Prices, Dividends, Splits and Trading Volume",Yahoo_Finance,https://finance.yahoo.com/
61,Equities,industry,Health Care,CAH,datasets,"Cardinal Health Inc. (CAH) Prices, Dividends, Splits and Trading Volume",Yahoo_Finance,https://finance.yahoo.com/
62,Equities,industry,Health Care,CERN,datasets,"Cerner Corporation (CERN) Prices, Dividends, Splits and Trading Volume",Yahoo_Finance,https://finance.yahoo.com/
63,Equities,industry,Financials,CB,datasets,"Chubb Corp (CB) Prices, Dividends, Splits and Trading Volume",Yahoo_Finance,https://finance.yahoo.com/
64,Equities,industry,Health Care,CI,datasets,"Cigna Corp (CI) Prices, Dividends, Splits and Trading Volume",Yahoo_Finance,https://finance.yahoo.com/
65,Equities,industry,Financials,CINF,datasets,"Cincinnati Financial Corp. (CINF) Prices, Dividends, Splits and Trading Volume",Yahoo_Finance,https://finance.yahoo.com/
66,Equities,industry,Health Care,CELG,datasets,"Celgene Corp. (CELG) Prices, Dividends, Splits and Trading Volume",Yahoo_Finance,https://finance.yahoo.com/
67,Equities,industry,Consumer Staples,CL,datasets,"Colgate-Palmolive Co. (CL) Prices, Dividends, Splits and Trading Volume",Yahoo_Finance,https://finance.yahoo.com/
68,Equities,industry,Materials,CF,datasets,"CF Industries Holdings Inc (CF) Prices, Dividends, Splits and Trading Volume",Yahoo_Finance,https://finance.yahoo.com/
69,Equities,industry,Consumer Discretionary,CMCSA,datasets,"Comcast Corp (CMCSA) Prices, Dividends, Splits and Trading Volume",Yahoo_Finance,https://finance.yahoo.com/
70,Equities,industry,Financials,CME,datasets,"CME Group Inc (CME) Prices, Dividends, Splits and Trading Volume",Yahoo_Finance,https://finance.yahoo.com/
71,Equities,industry,Industrials,CHRW,datasets,"Robinson (C.H.) Worldwide Inc. (CHRW) Prices, Dividends, Splits and Trading Volume",Yahoo_Finance,https://finance.yahoo.com/
72,Equities,industry,Consumer Discretionary,CMG,datasets,"Chipotle Mexican Grill (CMG) Prices, Dividends, Splits and Trading Volume",Yahoo_Finance,https://finance.yahoo.com/
73,Equities,industry,Utilities,CMS,datasets,"CMS Energy Corp (CMS) Prices, Dividends, Splits and Trading Volume",Yahoo_Finance,https://finance.yahoo.com/
74,Equities,industry,Consumer Staples,CLX,datasets,"Clorox Co. (CLX) Prices, Dividends, Splits and Trading Volume",Yahoo_Finance,https://finance.yahoo.com/
75,Equities,industry,Financials,COF,datasets,"Capital One Financial Corp (COF) Prices, Dividends, Splits and Trading Volume",Yahoo_Finance,https://finance.yahoo.com/
76,Equities,industry,Financials,CMA,datasets,"Comerica Inc. (CMA) Prices, Dividends, Splits and Trading Volume",Yahoo_Finance,https://finance.yahoo.com/
77,Equities,industry,Industrials,COL,datasets,"Rockwell Collins Inc. (COL) Prices, Dividends, Splits and Trading Volume",Yahoo_Finance,https://finance.yahoo.com/
78,Equities,industry,Industrials,CMI,datasets,"Cummins Inc. (CMI) Prices, Dividends, Splits and Trading Volume",Yahoo_Finance,https://finance.yahoo.com/
79,Equities,industry,Consumer Staples,COST,datasets,"Costco Wholesale Corp (COST) Prices, Dividends, Splits and Trading Volume",Yahoo_Finance,https://finance.yahoo.com/
80,Equities,industry,Utilities,CNP,datasets,"CenterPoint Energy Inc (CNP) Prices, Dividends, Splits and Trading Volume",Yahoo_Finance,https://finance.yahoo.com/
81,Equities,industry,Energy,COG,datasets,"Cabot Oil & Gas Corp. (COG) Prices, Dividends, Splits and Trading Volume",Yahoo_Finance,https://finance.yahoo.com/
82,Equities,industry,Industrials,CSX,datasets,"CSX Corp (CSX) Prices, Dividends, Splits and Trading Volume",Yahoo_Finance,https://finance.yahoo.com/
83,Equities,industry,Energy,COP,datasets,"ConocoPhillips (COP) Prices, Dividends, Splits and Trading Volume",Yahoo_Finance,https://finance.yahoo.com/
84,Equities,industry,Telecommunication Services,CTL,datasets,"CenturyLink Inc. (CTL) Prices, Dividends, Splits and Trading Volume",Yahoo_Finance,https://finance.yahoo.com/
85,Equities,industry,Consumer Staples,CPB,datasets,"Campbell Soup Co. (CPB) Prices, Dividends, Splits and Trading Volume",Yahoo_Finance,https://finance.yahoo.com/
86,Equities,industry,Information Technology,CTXS,datasets,"Citrix Systems Inc. (CTXS) Prices, Dividends, Splits and Trading Volume",Yahoo_Finance,https://finance.yahoo.com/
87,Equities,industry,Information Technology,CRM,datasets,"Salesforce.com Inc. (CRM) Prices, Dividends, Splits and Trading Volume",Yahoo_Finance,https://finance.yahoo.com/
88,Equities,industry,Consumer Staples,CVS,datasets,"CVS Health Corp (CVS) Prices, Dividends, Splits and Trading Volume",Yahoo_Finance,https://finance.yahoo.com/
89,Equities,industry,Information Technology,CSCO,datasets,"Cisco Systems Inc. (CSCO) Prices, Dividends, Splits and Trading Volume",Yahoo_Finance,https://finance.yahoo.com/
90,Equities,industry,Utilities,D,datasets,"Dominion Resources Inc (D) Prices, Dividends, Splits and Trading Volume",Yahoo_Finance,https://finance.yahoo.com/
91,Equities,industry,Industrials,CTAS,datasets,"Cintas Corp. (CTAS) Prices, Dividends, Splits and Trading Volume",Yahoo_Finance,https://finance.yahoo.com/
92,Equities,industry,Information Technology,CTSH,datasets,"Cognizant Technology Solutions Corp. (CTSH) Prices, Dividends, Splits and Trading Volume",Yahoo_Finance,https://finance.yahoo.com/
93,Equities,industry,Health Care,DGX,datasets,"Quest Diagnostics Inc. (DGX) Prices, Dividends, Splits and Trading Volume",Yahoo_Finance,https://finance.yahoo.com/
94,Equities,industry,Energy,CVX,datasets,"Chevron Corporation (CVX) Prices, Dividends, Splits and Trading Volume",Yahoo_Finance,https://finance.yahoo.com/
95,Equities,industry,Health Care,DHR,datasets,"Danaher Corp. (DHR) Prices, Dividends, Splits and Trading Volume",Yahoo_Finance,https://finance.yahoo.com/
96,Equities,industry,Industrials,DAL,datasets,"Delta Air Lines Inc. (DE) (DAL) Prices, Dividends, Splits and Trading Volume",Yahoo_Finance,https://finance.yahoo.com/
97,Equities,industry,Consumer Discretionary,DIS,datasets,"Disney (Walt) Co. (The) (DIS) Prices, Dividends, Splits and Trading Volume",Yahoo_Finance,https://finance.yahoo.com/
98,Equities,industry,Industrials,DE,datasets,"Deere & Co. (DE) Prices, Dividends, Splits and Trading Volume",Yahoo_Finance,https://finance.yahoo.com/
99,Equities,industry,Financials,DFS,datasets,"Discover Financial Services (DFS) Prices, Dividends, Splits and Trading Volume",Yahoo_Finance,https://finance.yahoo.com/
100,Equities,industry,Consumer Discretionary,DG,datasets,"Dollar General Corp (DG) Prices, Dividends, Splits and Trading Volume",Yahoo_Finance,https://finance.yahoo.com/
101,Equities,industry,Consumer Discretionary,DHI,datasets,"Horton (D.R.) Inc. (DHI) Prices, Dividends, Splits and Trading Volume",Yahoo_Finance,https://finance.yahoo.com/
102,Equities,industry,Consumer Discretionary,DISCA,datasets,"Discovery Communications Inc. (DISCA) Prices, Dividends, Splits and Trading Volume",Yahoo_Finance,https://finance.yahoo.com/
103,Equities,industry,Utilities,DTE,datasets,"DTE Energy Co. (DTE) Prices, Dividends, Splits and Trading Volume",Yahoo_Finance,https://finance.yahoo.com/
104,Equities,industry,Consumer Discretionary,DLTR,datasets,"Dollar Tree Inc. (DLTR) Prices, Dividends, Splits and Trading Volume",Yahoo_Finance,https://finance.yahoo.com/
105,Equities,industry,Health Care,DVA,datasets,"DaVita HealthCare Partners Inc (DVA) Prices, Dividends, Splits and Trading Volume",Yahoo_Finance,https://finance.yahoo.com/
106,Equities,industry,Energy,DVN,datasets,"Devon Energy Corp. (DVN) Prices, Dividends, Splits and Trading Volume",Yahoo_Finance,https://finance.yahoo.com/
107,Equities,industry,Industrials,DOV,datasets,"Dover Corp (DOV) Prices, Dividends, Splits and Trading Volume",Yahoo_Finance,https://finance.yahoo.com/
108,Equities,industry,Information Technology,EBAY,datasets,"eBay Inc. (EBAY) Prices, Dividends, Splits and Trading Volume",Yahoo_Finance,https://finance.yahoo.com/
109,Equities,industry,Consumer Staples,DPS,datasets,"Dr Pepper Snapple Group Inc (DPS) Prices, Dividends, Splits and Trading Volume",Yahoo_Finance,https://finance.yahoo.com/
110,Equities,industry,Materials,ECL,datasets,"Ecolab Inc. (ECL) Prices, Dividends, Splits and Trading Volume",Yahoo_Finance,https://finance.yahoo.com/
111,Equities,industry,Consumer Discretionary,DRI,datasets,"Darden Restaurants Inc. (United States) (DRI) Prices, Dividends, Splits and Trading Volume",Yahoo_Finance,https://finance.yahoo.com/
112,Equities,industry,Utilities,ED,datasets,"Consolidated Edison Inc. (ED) Prices, Dividends, Splits and Trading Volume",Yahoo_Finance,https://finance.yahoo.com/
113,Equities,industry,Utilities,DUK,datasets,"Duke Energy Corp (DUK) Prices, Dividends, Splits and Trading Volume",Yahoo_Finance,https://finance.yahoo.com/
114,Equities,industry,Materials,EMN,datasets,"Eastman Chemical Co. (EMN) Prices, Dividends, Splits and Trading Volume",Yahoo_Finance,https://finance.yahoo.com/
115,Equities,industry,Information Technology,EA,datasets,"Electronic Arts Inc. (EA) Prices, Dividends, Splits and Trading Volume",Yahoo_Finance,https://finance.yahoo.com/
116,Equities,industry,Industrials,EMR,datasets,"Emerson Electric Co. (EMR) Prices, Dividends, Splits and Trading Volume",Yahoo_Finance,https://finance.yahoo.com/
117,Equities,industry,Energy,EOG,datasets,"EOG Resources Inc. (EOG) Prices, Dividends, Splits and Trading Volume",Yahoo_Finance,https://finance.yahoo.com/
118,Equities,industry,Real Estate,EQR,datasets,"Equity Residential (EQR) Prices, Dividends, Splits and Trading Volume",Yahoo_Finance,https://finance.yahoo.com/
119,Equities,industry,Industrials,EFX,datasets,"Equifax Inc. (EFX) Prices, Dividends, Splits and Trading Volume",Yahoo_Finance,https://finance.yahoo.com/
120,Equities,industry,Health Care,ESRX,datasets,"Express Scripts Holding Company (ESRX) Prices, Dividends, Splits and Trading Volume",Yahoo_Finance,https://finance.yahoo.com/
121,Equities,industry,Utilities,EIX,datasets,"Edison International (EIX) Prices, Dividends, Splits and Trading Volume",Yahoo_Finance,https://finance.yahoo.com/
122,Equities,industry,Consumer Staples,EL,datasets,"Estee Lauder Cos. Inc. (The) (EL) Prices, Dividends, Splits and Trading Volume",Yahoo_Finance,https://finance.yahoo.com/
123,Equities,industry,Financials,ETFC,datasets,"E*TRADE Financial Corporation (ETFC) Prices, Dividends, Splits and Trading Volume",Yahoo_Finance,https://finance.yahoo.com/
124,Equities,industry,Industrials,ETN,datasets,"Eaton Corp plc (ETN) Prices, Dividends, Splits and Trading Volume",Yahoo_Finance,https://finance.yahoo.com/
125,Equities,industry,Utilities,ETR,datasets,"Entergy Corp. (ETR) Prices, Dividends, Splits and Trading Volume",Yahoo_Finance,https://finance.yahoo.com/
126,Equities,industry,Utilities,EXC,datasets,"Exelon Corp. (EXC) Prices, Dividends, Splits and Trading Volume",Yahoo_Finance,https://finance.yahoo.com/
127,Equities,industry,Energy,EQT,datasets,"EQT Corp. (EQT) Prices, Dividends, Splits and Trading Volume",Yahoo_Finance,https://finance.yahoo.com/
128,Equities,industry,Consumer Discretionary,EXPE,datasets,"Expedia Inc (EXPE) Prices, Dividends, Splits and Trading Volume",Yahoo_Finance,https://finance.yahoo.com/
129,Equities,industry,Industrials,FAST,datasets,"Fastenal Co. (FAST) Prices, Dividends, Splits and Trading Volume",Yahoo_Finance,https://finance.yahoo.com/
130,Equities,industry,Information Technology,FB,datasets,"Facebook Inc. (FB) Prices, Dividends, Splits and Trading Volume",Yahoo_Finance,https://finance.yahoo.com/
131,Equities,industry,Materials,FCX,datasets,"Freeport-McMoRan Inc (FCX) Prices, Dividends, Splits and Trading Volume",Yahoo_Finance,https://finance.yahoo.com/
132,Equities,industry,Health Care,EW,datasets,"Edwards Lifesciences Corp (EW) Prices, Dividends, Splits and Trading Volume",Yahoo_Finance,https://finance.yahoo.com/
133,Equities,industry,Industrials,EXPD,datasets,"Expeditors International of Washington Inc. (EXPD) Prices, Dividends, Splits and Trading Volume",Yahoo_Finance,https://finance.yahoo.com/
134,Equities,industry,Utilities,FE,datasets,"FirstEnergy Corp. (FE) Prices, Dividends, Splits and Trading Volume",Yahoo_Finance,https://finance.yahoo.com/
135,Equities,industry,Consumer Discretionary,F,datasets,"Ford Motor Co. (DE) (F) Prices, Dividends, Splits and Trading Volume",Yahoo_Finance,https://finance.yahoo.com/
136,Equities,industry,Information Technology,FISV,datasets,"Fiserv Inc. (FISV) Prices, Dividends, Splits and Trading Volume",Yahoo_Finance,https://finance.yahoo.com/
137,Equities,industry,Industrials,FDX,datasets,"FedEx Corp (FDX) Prices, Dividends, Splits and Trading Volume",Yahoo_Finance,https://finance.yahoo.com/
138,Equities,industry,Industrials,FLS,datasets,"Flowserve Corp. (FLS) Prices, Dividends, Splits and Trading Volume",Yahoo_Finance,https://finance.yahoo.com/
139,Equities,industry,Materials,FMC,datasets,"FMC Corp. (FMC) Prices, Dividends, Splits and Trading Volume",Yahoo_Finance,https://finance.yahoo.com/
140,Equities,industry,Information Technology,FFIV,datasets,"F5 Networks Inc. (FFIV) Prices, Dividends, Splits and Trading Volume",Yahoo_Finance,https://finance.yahoo.com/
141,Equities,industry,Consumer Discretionary,FOXA,datasets,"21st  Century Fox Inc (FOXA) Prices, Dividends, Splits and Trading Volume",Yahoo_Finance,https://finance.yahoo.com/
142,Equities,industry,Information Technology,FIS,datasets,"Fidelity National Information Services Inc (FIS) Prices, Dividends, Splits and Trading Volume",Yahoo_Finance,https://finance.yahoo.com/
143,Equities,industry,Financials,FITB,datasets,"Fifth Third Bancorp (Cincinnati OH) (FITB) Prices, Dividends, Splits and Trading Volume",Yahoo_Finance,https://finance.yahoo.com/
144,Equities,industry,Energy,FTI,datasets,"FMC Technologies Inc. (FTI) Prices, Dividends, Splits and Trading Volume",Yahoo_Finance,https://finance.yahoo.com/
145,Equities,industry,Information Technology,FLIR,datasets,"FLIR Systems Inc. (FLIR) Prices, Dividends, Splits and Trading Volume",Yahoo_Finance,https://finance.yahoo.com/
146,Equities,industry,Industrials,FLR,datasets,"Fluor Corp. (FLR) Prices, Dividends, Splits and Trading Volume",Yahoo_Finance,https://finance.yahoo.com/
147,Equities,industry,Real Estate,GGP,datasets,"General Growth Properties Inc (GGP) Prices, Dividends, Splits and Trading Volume",Yahoo_Finance,https://finance.yahoo.com/
148,Equities,industry,Consumer Discretionary,GM,datasets,"General Motors Co. (GM) Prices, Dividends, Splits and Trading Volume",Yahoo_Finance,https://finance.yahoo.com/
149,Equities,industry,Industrials,GD,datasets,"General Dynamics Corp. (GD) Prices, Dividends, Splits and Trading Volume",Yahoo_Finance,https://finance.yahoo.com/
150,Equities,industry,Industrials,GE,datasets,"General Electric Co (GE) Prices, Dividends, Splits and Trading Volume",Yahoo_Finance,https://finance.yahoo.com/
151,Equities,industry,Information Technology,GOOG,datasets,"Alphabet Inc (GOOG) Prices, Dividends, Splits and Trading Volume",Yahoo_Finance,https://finance.yahoo.com/
152,Equities,industry,Health Care,GILD,datasets,"Gilead Sciences Inc. (GILD) Prices, Dividends, Splits and Trading Volume",Yahoo_Finance,https://finance.yahoo.com/
153,Equities,industry,Consumer Staples,GIS,datasets,"General Mills Inc. (GIS) Prices, Dividends, Splits and Trading Volume",Yahoo_Finance,https://finance.yahoo.com/
154,Equities,industry,Consumer Discretionary,GRMN,datasets,"Garmin Ltd. (GRMN) Prices, Dividends, Splits and Trading Volume",Yahoo_Finance,https://finance.yahoo.com/
155,Equities,industry,Information Technology,GLW,datasets,"Corning Inc. (GLW) Prices, Dividends, Splits and Trading Volume",Yahoo_Finance,https://finance.yahoo.com/
156,Equities,industry,Financials,GS,datasets,"The Goldman Sachs Group Inc. (GS) Prices, Dividends, Splits and Trading Volume",Yahoo_Finance,https://finance.yahoo.com/
157,Equities,industry,Industrials,GWW,datasets,"Grainger (W.W.) Inc. (GWW) Prices, Dividends, Splits and Trading Volume",Yahoo_Finance,https://finance.yahoo.com/
158,Equities,industry,Energy,HAL,datasets,"Halliburton Company (HAL) Prices, Dividends, Splits and Trading Volume",Yahoo_Finance,https://finance.yahoo.com/
159,Equities,industry,Consumer Discretionary,GPC,datasets,"Genuine Parts Co. (GPC) Prices, Dividends, Splits and Trading Volume",Yahoo_Finance,https://finance.yahoo.com/
160,Equities,industry,Consumer Discretionary,GPS,datasets,"Gap Inc. (GPS) Prices, Dividends, Splits and Trading Volume",Yahoo_Finance,https://finance.yahoo.com/
161,Equities,industry,Consumer Discretionary,GT,datasets,"Goodyear Tire & Rubber Co. (GT) Prices, Dividends, Splits and Trading Volume",Yahoo_Finance,https://finance.yahoo.com/
162,Equities,industry,Consumer Discretionary,HOG,datasets,"Harley-Davidson Inc (HOG) Prices, Dividends, Splits and Trading Volume",Yahoo_Finance,https://finance.yahoo.com/
163,Equities,industry,Consumer Discretionary,HAS,datasets,"Hasbro Inc. (HAS) Prices, Dividends, Splits and Trading Volume",Yahoo_Finance,https://finance.yahoo.com/
164,Equities,industry,Industrials,HON,datasets,"Honeywell International Inc. (HON) Prices, Dividends, Splits and Trading Volume",Yahoo_Finance,https://finance.yahoo.com/
165,Equities,industry,Financials,HBAN,datasets,"Huntington Bancshares Inc (HBAN) Prices, Dividends, Splits and Trading Volume",Yahoo_Finance,https://finance.yahoo.com/
166,Equities,industry,Information Technology,HPQ,datasets,"Hewlett-Packard Co (HPQ) Prices, Dividends, Splits and Trading Volume",Yahoo_Finance,https://finance.yahoo.com/
167,Equities,industry,Real Estate,HCP,datasets,"HCP Inc. (HCP) Prices, Dividends, Splits and Trading Volume",Yahoo_Finance,https://finance.yahoo.com/
168,Equities,industry,Consumer Discretionary,HD,datasets,"Home Depot Inc (HD) Prices, Dividends, Splits and Trading Volume",Yahoo_Finance,https://finance.yahoo.com/
169,Equities,industry,Consumer Staples,HRL,datasets,"Hormel Foods Corp. (HRL) Prices, Dividends, Splits and Trading Volume",Yahoo_Finance,https://finance.yahoo.com/
170,Equities,industry,Energy,HES,datasets,"Hess Corp (HES) Prices, Dividends, Splits and Trading Volume",Yahoo_Finance,https://finance.yahoo.com/
171,Equities,industry,Financials,HIG,datasets,"Hartford Financial Services Group Inc. (HIG) Prices, Dividends, Splits and Trading Volume",Yahoo_Finance,https://finance.yahoo.com/
172,Equities,industry,Real Estate,HST,datasets,"Host Hotels & Resorts Inc (HST) Prices, Dividends, Splits and Trading Volume",Yahoo_Finance,https://finance.yahoo.com/
173,Equities,industry,Energy,HP,datasets,"Helmerich & Payne Inc. (HP) Prices, Dividends, Splits and Trading Volume",Yahoo_Finance,https://finance.yahoo.com/
174,Equities,industry,Health Care,HUM,datasets,"Humana Inc. (HUM) Prices, Dividends, Splits and Trading Volume",Yahoo_Finance,https://finance.yahoo.com/
175,Equities,industry,Consumer Discretionary,HRB,datasets,"H&R Block Inc (HRB) Prices, Dividends, Splits and Trading Volume",Yahoo_Finance,https://finance.yahoo.com/
176,Equities,industry,Financials,ICE,datasets,"Intercontinental Exchange Inc. (ICE) Prices, Dividends, Splits and Trading Volume",Yahoo_Finance,https://finance.yahoo.com/
177,Equities,industry,Industrials,HRS,datasets,"Harris Corp. (HRS) Prices, Dividends, Splits and Trading Volume",Yahoo_Finance,https://finance.yahoo.com/
178,Equities,industry,Information Technology,INTU,datasets,"Intuit Inc (INTU) Prices, Dividends, Splits and Trading Volume",Yahoo_Finance,https://finance.yahoo.com/
179,Equities,industry,Consumer Staples,HSY,datasets,"Hershey Company (The) (HSY) Prices, Dividends, Splits and Trading Volume",Yahoo_Finance,https://finance.yahoo.com/
180,Equities,industry,Consumer Discretionary,IPG,datasets,"Interpublic Group of Companies Inc. (IPG) Prices, Dividends, Splits and Trading Volume",Yahoo_Finance,https://finance.yahoo.com/
181,Equities,industry,Industrials,IR,datasets,"Ingersoll-Rand Plc (IR) Prices, Dividends, Splits and Trading Volume",Yahoo_Finance,https://finance.yahoo.com/
182,Equities,industry,Information Technology,IBM,datasets,"International Business Machines Corp (IBM) Prices, Dividends, Splits and Trading Volume",Yahoo_Finance,https://finance.yahoo.com/
183,Equities,industry,Materials,IFF,datasets,"Int'l. Flavors & Fragrances (IFF) Prices, Dividends, Splits and Trading Volume",Yahoo_Finance,https://finance.yahoo.com/
184,Equities,industry,Health Care,ISRG,datasets,"Intuitive Surgical Inc. (ISRG) Prices, Dividends, Splits and Trading Volume",Yahoo_Finance,https://finance.yahoo.com/
185,Equities,industry,Industrials,ITW,datasets,"Illinois Tool Works Inc. (ITW) Prices, Dividends, Splits and Trading Volume",Yahoo_Finance,https://finance.yahoo.com/
186,Equities,industry,Information Technology,INTC,datasets,"Intel Corp (INTC) Prices, Dividends, Splits and Trading Volume",Yahoo_Finance,https://finance.yahoo.com/
187,Equities,industry,Industrials,JCI,datasets,"Johnson Controls Inc (JCI) Prices, Dividends, Splits and Trading Volume",Yahoo_Finance,https://finance.yahoo.com/
188,Equities,industry,Materials,IP,datasets,"International Paper Co (IP) Prices, Dividends, Splits and Trading Volume",Yahoo_Finance,https://finance.yahoo.com/
189,Equities,industry,Real Estate,IRM,datasets,"Iron Mountain (IRM) Prices, Dividends, Splits and Trading Volume",Yahoo_Finance,https://finance.yahoo.com/
190,Equities,industry,Information Technology,JNPR,datasets,"Juniper Networks Inc (JNPR) Prices, Dividends, Splits and Trading Volume",Yahoo_Finance,https://finance.yahoo.com/
191,Equities,industry,Financials,IVZ,datasets,"Invesco Ltd (IVZ) Prices, Dividends, Splits and Trading Volume",Yahoo_Finance,https://finance.yahoo.com/
192,Equities,industry,Consumer Discretionary,JWN,datasets,"Nordstrom Inc. (JWN) Prices, Dividends, Splits and Trading Volume",Yahoo_Finance,https://finance.yahoo.com/
193,Equities,industry,Industrials,JEC,datasets,"Jacobs Engineering Group Inc. (JEC) Prices, Dividends, Splits and Trading Volume",Yahoo_Finance,https://finance.yahoo.com/
194,Equities,industry,Information Technology,KLAC,datasets,"KLA-Tencor Corp. (KLAC) Prices, Dividends, Splits and Trading Volume",Yahoo_Finance,https://finance.yahoo.com/
195,Equities,industry,Health Care,JNJ,datasets,"Johnson & Johnson (JNJ) Prices, Dividends, Splits and Trading Volume",Yahoo_Finance,https://finance.yahoo.com/
196,Equities,industry,Energy,KMI,datasets,"Kinder Morgan Inc. (KMI) Prices, Dividends, Splits and Trading Volume",Yahoo_Finance,https://finance.yahoo.com/
197,Equities,industry,Consumer Staples,KO,datasets,"Coca-Cola Co (The) (KO) Prices, Dividends, Splits and Trading Volume",Yahoo_Finance,https://finance.yahoo.com/
198,Equities,industry,Consumer Staples,K,datasets,"Kellogg Co (K) Prices, Dividends, Splits and Trading Volume",Yahoo_Finance,https://finance.yahoo.com/
199,Equities,industry,Consumer Staples,KR,datasets,"Kroger Co. (KR) Prices, Dividends, Splits and Trading Volume",Yahoo_Finance,https://finance.yahoo.com/
200,Equities,industry,Financials,KEY,datasets,"KeyCorp (KEY) Prices, Dividends, Splits and Trading Volume",Yahoo_Finance,https://finance.yahoo.com/
201,Equities,industry,Real Estate,KIM,datasets,"Kimco Realty Corp. (KIM) Prices, Dividends, Splits and Trading Volume",Yahoo_Finance,https://finance.yahoo.com/
202,Equities,industry,Industrials,KSU,datasets,"Kansas City Southern (KSU) Prices, Dividends, Splits and Trading Volume",Yahoo_Finance,https://finance.yahoo.com/
203,Equities,industry,Consumer Staples,KMB,datasets,"Kimberly-Clark Corp. (KMB) Prices, Dividends, Splits and Trading Volume",Yahoo_Finance,https://finance.yahoo.com/
204,Equities,industry,Consumer Discretionary,KMX,datasets,"CarMax Inc. (KMX) Prices, Dividends, Splits and Trading Volume",Yahoo_Finance,https://finance.yahoo.com/
205,Equities,industry,Consumer Discretionary,LEN,datasets,"Lennar Corp. (LEN) Prices, Dividends, Splits and Trading Volume",Yahoo_Finance,https://finance.yahoo.com/
206,Equities,industry,Consumer Discretionary,KORS,datasets,"Michael Kors Holdings (KORS) Prices, Dividends, Splits and Trading Volume",Yahoo_Finance,https://finance.yahoo.com/
207,Equities,industry,Health Care,LH,datasets,"Laboratory Corp. of America Holdings (LH) Prices, Dividends, Splits and Trading Volume",Yahoo_Finance,https://finance.yahoo.com/
208,Equities,industry,Consumer Discretionary,KSS,datasets,"Kohl's Corp. (KSS) Prices, Dividends, Splits and Trading Volume",Yahoo_Finance,https://finance.yahoo.com/
209,Equities,industry,Industrials,LLL,datasets,"L-3 Communications Holdings Inc. (LLL) Prices, Dividends, Splits and Trading Volume",Yahoo_Finance,https://finance.yahoo.com/
210,Equities,industry,Financials,L,datasets,"Loews Corp. (L) Prices, Dividends, Splits and Trading Volume",Yahoo_Finance,https://finance.yahoo.com/
211,Equities,industry,Consumer Discretionary,LB,datasets,"L Brands Inc (LB) Prices, Dividends, Splits and Trading Volume",Yahoo_Finance,https://finance.yahoo.com/
212,Equities,industry,Consumer Discretionary,LEG,datasets,"Leggett & Platt Inc. (LEG) Prices, Dividends, Splits and Trading Volume",Yahoo_Finance,https://finance.yahoo.com/
213,Equities,industry,Industrials,LMT,datasets,"Lockheed Martin Corp. (LMT) Prices, Dividends, Splits and Trading Volume",Yahoo_Finance,https://finance.yahoo.com/
214,Equities,industry,Health Care,LLY,datasets,"Lilly (Eli) & Co. (LLY) Prices, Dividends, Splits and Trading Volume",Yahoo_Finance,https://finance.yahoo.com/
215,Equities,industry,Financials,LUK,datasets,"Leucadia National Corp. (LUK) Prices, Dividends, Splits and Trading Volume",Yahoo_Finance,https://finance.yahoo.com/
216,Equities,industry,Financials,LNC,datasets,"Lincoln National Corp. (LNC) Prices, Dividends, Splits and Trading Volume",Yahoo_Finance,https://finance.yahoo.com/
217,Equities,industry,Consumer Discretionary,M,datasets,"Macys Inc. (M) Prices, Dividends, Splits and Trading Volume",Yahoo_Finance,https://finance.yahoo.com/
218,Equities,industry,Information Technology,MA,datasets,"MasterCard  Cl A (MA) Prices, Dividends, Splits and Trading Volume",Yahoo_Finance,https://finance.yahoo.com/
219,Equities,industry,Consumer Discretionary,LOW,datasets,"Lowes Cos. (LOW) Prices, Dividends, Splits and Trading Volume",Yahoo_Finance,https://finance.yahoo.com/
220,Equities,industry,Real Estate,MAC,datasets,"Macerich Co. (The) (MAC) Prices, Dividends, Splits and Trading Volume",Yahoo_Finance,https://finance.yahoo.com/
221,Equities,industry,Information Technology,LRCX,datasets,"Lam Research Corp (LRCX) Prices, Dividends, Splits and Trading Volume",Yahoo_Finance,https://finance.yahoo.com/
222,Equities,industry,Industrials,MAS,datasets,"Masco Corp. (MAS) Prices, Dividends, Splits and Trading Volume",Yahoo_Finance,https://finance.yahoo.com/
223,Equities,industry,Industrials,LUV,datasets,"Southwest Airlines Co (LUV) Prices, Dividends, Splits and Trading Volume",Yahoo_Finance,https://finance.yahoo.com/
224,Equities,industry,Consumer Discretionary,MCD,datasets,"McDonald's Corp (MCD) Prices, Dividends, Splits and Trading Volume",Yahoo_Finance,https://finance.yahoo.com/
225,Equities,industry,Materials,LYB,datasets,"LyondellBasell Industries NV (LYB) Prices, Dividends, Splits and Trading Volume",Yahoo_Finance,https://finance.yahoo.com/
226,Equities,industry,Health Care,MCK,datasets,"McKesson Corp. (MCK) Prices, Dividends, Splits and Trading Volume",Yahoo_Finance,https://finance.yahoo.com/
227,Equities,industry,Financials,MCO,datasets,"Moody's Corp. (MCO) Prices, Dividends, Splits and Trading Volume",Yahoo_Finance,https://finance.yahoo.com/
228,Equities,industry,Consumer Discretionary,MAR,datasets,"Marriott International Inc. (MAR) Prices, Dividends, Splits and Trading Volume",Yahoo_Finance,https://finance.yahoo.com/
229,Equities,industry,Health Care,MDT,datasets,"Medtronic PLC (MDT) Prices, Dividends, Splits and Trading Volume",Yahoo_Finance,https://finance.yahoo.com/
230,Equities,industry,Consumer Discretionary,MAT,datasets,"Mattel Inc (MAT) Prices, Dividends, Splits and Trading Volume",Yahoo_Finance,https://finance.yahoo.com/
231,Equities,industry,Information Technology,MCHP,datasets,"MicroChip Technology Inc. (MCHP) Prices, Dividends, Splits and Trading Volume",Yahoo_Finance,https://finance.yahoo.com/
232,Equities,industry,Financials,MMC,datasets,"Marsh & McLennan Cos. (MMC) Prices, Dividends, Splits and Trading Volume",Yahoo_Finance,https://finance.yahoo.com/
233,Equities,industry,Consumer Staples,MDLZ,datasets,"Mondelez International Inc (MDLZ) Prices, Dividends, Splits and Trading Volume",Yahoo_Finance,https://finance.yahoo.com/
234,Equities,industry,Industrials,MMM,datasets,"3M Co (MMM) Prices, Dividends, Splits and Trading Volume",Yahoo_Finance,https://finance.yahoo.com/
235,Equities,industry,Consumer Staples,MNST,datasets,"Monster Beverage Corp (MNST) Prices, Dividends, Splits and Trading Volume",Yahoo_Finance,https://finance.yahoo.com/
236,Equities,industry,Financials,MET,datasets,"MetLife Inc (MET) Prices, Dividends, Splits and Trading Volume",Yahoo_Finance,https://finance.yahoo.com/
237,Equities,industry,Materials,MON,datasets,"Monsanto Co. (MON) Prices, Dividends, Splits and Trading Volume",Yahoo_Finance,https://finance.yahoo.com/
238,Equities,industry,Consumer Discretionary,MHK,datasets,"Mohawk Industries Inc. (MHK) Prices, Dividends, Splits and Trading Volume",Yahoo_Finance,https://finance.yahoo.com/
239,Equities,industry,Energy,MPC,datasets,"Marathon Petroleum Corp. (MPC) Prices, Dividends, Splits and Trading Volume",Yahoo_Finance,https://finance.yahoo.com/
240,Equities,industry,Consumer Staples,MKC,datasets,"McCormick & Co. Inc. (MKC) Prices, Dividends, Splits and Trading Volume",Yahoo_Finance,https://finance.yahoo.com/
241,Equities,industry,Energy,MRO,datasets,"Marathon Oil Corp. (MRO) Prices, Dividends, Splits and Trading Volume",Yahoo_Finance,https://finance.yahoo.com/
242,Equities,industry,Information Technology,MSI,datasets,"Motorola Solutions Inc. (MSI) Prices, Dividends, Splits and Trading Volume",Yahoo_Finance,https://finance.yahoo.com/
243,Equities,industry,Consumer Staples,MO,datasets,"Altria Group Inc (MO) Prices, Dividends, Splits and Trading Volume",Yahoo_Finance,https://finance.yahoo.com/
244,Equities,industry,Information Technology,MU,datasets,"Micron Technology Inc. (MU) Prices, Dividends, Splits and Trading Volume",Yahoo_Finance,https://finance.yahoo.com/
245,Equities,industry,Materials,MOS,datasets,"Mosaic Company (The) (MOS) Prices, Dividends, Splits and Trading Volume",Yahoo_Finance,https://finance.yahoo.com/
246,Equities,industry,Health Care,MRK,datasets,"Merck & Co. Inc (MRK) Prices, Dividends, Splits and Trading Volume",Yahoo_Finance,https://finance.yahoo.com/
247,Equities,industry,Energy,NBL,datasets,"Noble Energy Inc. (NBL) Prices, Dividends, Splits and Trading Volume",Yahoo_Finance,https://finance.yahoo.com/
248,Equities,industry,Financials,MS,datasets,"Morgan Stanley (MS) Prices, Dividends, Splits and Trading Volume",Yahoo_Finance,https://finance.yahoo.com/
249,Equities,industry,Information Technology,MSFT,datasets,"Microsoft Corporation (MSFT) Prices, Dividends, Splits and Trading Volume",Yahoo_Finance,https://finance.yahoo.com/
250,Equities,industry,Financials,NDAQ,datasets,"Nasdaq Inc (NDAQ) Prices, Dividends, Splits and Trading Volume",Yahoo_Finance,https://finance.yahoo.com/
251,Equities,industry,Financials,MTB,datasets,"M & T Bank Corp (MTB) Prices, Dividends, Splits and Trading Volume",Yahoo_Finance,https://finance.yahoo.com/
252,Equities,industry,Utilities,NEE,datasets,"NextEra Energy Inc (NEE) Prices, Dividends, Splits and Trading Volume",Yahoo_Finance,https://finance.yahoo.com/
253,Equities,industry,Consumer Discretionary,NFLX,datasets,"Netflix Inc. (NFLX) Prices, Dividends, Splits and Trading Volume",Yahoo_Finance,https://finance.yahoo.com/
254,Equities,industry,Health Care,MYL,datasets,"Mylan NV (MYL) Prices, Dividends, Splits and Trading Volume",Yahoo_Finance,https://finance.yahoo.com/
255,Equities,industry,Utilities,NI,datasets,"NiSource Inc (NI) Prices, Dividends, Splits and Trading Volume",Yahoo_Finance,https://finance.yahoo.com/
256,Equities,industry,Industrials,NLSN,datasets,"Nielsen Holdings PLC (NLSN) Prices, Dividends, Splits and Trading Volume",Yahoo_Finance,https://finance.yahoo.com/
257,Equities,industry,Energy,NOV,datasets,"National Oilwell Varco Inc (NOV) Prices, Dividends, Splits and Trading Volume",Yahoo_Finance,https://finance.yahoo.com/
258,Equities,industry,Materials,NEM,datasets,"Newmont Mining Corp. (Holding Co.) (NEM) Prices, Dividends, Splits and Trading Volume",Yahoo_Finance,https://finance.yahoo.com/
259,Equities,industry,Industrials,NSC,datasets,"Norfolk Southern Corp. (NSC) Prices, Dividends, Splits and Trading Volume",Yahoo_Finance,https://finance.yahoo.com/
260,Equities,industry,Energy,NFX,datasets,"Newfield Exploration Co. (NFX) Prices, Dividends, Splits and Trading Volume",Yahoo_Finance,https://finance.yahoo.com/
261,Equities,industry,Financials,NTRS,datasets,"Northern Trust Corp. (NTRS) Prices, Dividends, Splits and Trading Volume",Yahoo_Finance,https://finance.yahoo.com/
262,Equities,industry,Consumer Discretionary,NKE,datasets,"NIKE Inc (NKE) Prices, Dividends, Splits and Trading Volume",Yahoo_Finance,https://finance.yahoo.com/
263,Equities,industry,Materials,NUE,datasets,"Nucor Corp. (NUE) Prices, Dividends, Splits and Trading Volume",Yahoo_Finance,https://finance.yahoo.com/
264,Equities,industry,Industrials,NOC,datasets,"Northrop Grumman Corp (NOC) Prices, Dividends, Splits and Trading Volume",Yahoo_Finance,https://finance.yahoo.com/
265,Equities,industry,Consumer Discretionary,NWL,datasets,"Newell Rubbermaid Inc. (NWL) Prices, Dividends, Splits and Trading Volume",Yahoo_Finance,https://finance.yahoo.com/
266,Equities,industry,Utilities,NRG,datasets,"NRG Energy Inc (NRG) Prices, Dividends, Splits and Trading Volume",Yahoo_Finance,https://finance.yahoo.com/
267,Equities,industry,Information Technology,NTAP,datasets,"NetApp Inc. (NTAP) Prices, Dividends, Splits and Trading Volume",Yahoo_Finance,https://finance.yahoo.com/
268,Equities,industry,Consumer Discretionary,OMC,datasets,"Omnicom Group Inc. (OMC) Prices, Dividends, Splits and Trading Volume",Yahoo_Finance,https://finance.yahoo.com/
269,Equities,industry,Consumer Discretionary,ORLY,datasets,"O Reilly Automotive Inc. (ORLY) Prices, Dividends, Splits and Trading Volume",Yahoo_Finance,https://finance.yahoo.com/
270,Equities,industry,Information Technology,NVDA,datasets,"NVIDIA Corp (NVDA) Prices, Dividends, Splits and Trading Volume",Yahoo_Finance,https://finance.yahoo.com/
271,Equities,industry,Information Technology,PAYX,datasets,"Paychex Inc (PAYX) Prices, Dividends, Splits and Trading Volume",Yahoo_Finance,https://finance.yahoo.com/
272,Equities,industry,Financials,PBCT,datasets,"People's United Financial Inc. (PBCT) Prices, Dividends, Splits and Trading Volume",Yahoo_Finance,https://finance.yahoo.com/
273,Equities,industry,Consumer Discretionary,NWSA,datasets,"News Corp (New) (NWSA) Prices, Dividends, Splits and Trading Volume",Yahoo_Finance,https://finance.yahoo.com/
274,Equities,industry,Industrials,PCAR,datasets,"PACCAR Inc (PCAR) Prices, Dividends, Splits and Trading Volume",Yahoo_Finance,https://finance.yahoo.com/
275,Equities,industry,Energy,OKE,datasets,"Oneok Inc. (OKE) Prices, Dividends, Splits and Trading Volume",Yahoo_Finance,https://finance.yahoo.com/
276,Equities,industry,Information Technology,ORCL,datasets,"Oracle Corp. (ORCL) Prices, Dividends, Splits and Trading Volume",Yahoo_Finance,https://finance.yahoo.com/
277,Equities,industry,Energy,OXY,datasets,"Occidental Petroleum Corp (OXY) Prices, Dividends, Splits and Trading Volume",Yahoo_Finance,https://finance.yahoo.com/
278,Equities,industry,Utilities,PEG,datasets,"Public Service Enterprise Group (PEG) Prices, Dividends, Splits and Trading Volume",Yahoo_Finance,https://finance.yahoo.com/
279,Equities,industry,Utilities,PCG,datasets,"PG&E Corp. (Holding Co.) (PCG) Prices, Dividends, Splits and Trading Volume",Yahoo_Finance,https://finance.yahoo.com/
280,Equities,industry,Financials,PFG,datasets,"Principal Financial Group Inc. (PFG) Prices, Dividends, Splits and Trading Volume",Yahoo_Finance,https://finance.yahoo.com/
281,Equities,industry,Consumer Discretionary,PHM,datasets,"PulteGroup Inc. (PHM) Prices, Dividends, Splits and Trading Volume",Yahoo_Finance,https://finance.yahoo.com/
282,Equities,industry,Consumer Staples,PEP,datasets,"Pepsico Inc. (PEP) Prices, Dividends, Splits and Trading Volume",Yahoo_Finance,https://finance.yahoo.com/
283,Equities,industry,Real Estate,PLD,datasets,"Prologis Inc (PLD) Prices, Dividends, Splits and Trading Volume",Yahoo_Finance,https://finance.yahoo.com/
284,Equities,industry,Health Care,PFE,datasets,"Pfizer Inc (PFE) Prices, Dividends, Splits and Trading Volume",Yahoo_Finance,https://finance.yahoo.com/
285,Equities,industry,Consumer Staples,PM,datasets,"Philip Morris International Inc (PM) Prices, Dividends, Splits and Trading Volume",Yahoo_Finance,https://finance.yahoo.com/
286,Equities,industry,Consumer Staples,PG,datasets,"Procter & Gamble Co. (PG) Prices, Dividends, Splits and Trading Volume",Yahoo_Finance,https://finance.yahoo.com/
287,Equities,industry,Financials,PNC,datasets,"PNC Financial Services Group (The) (PNC) Prices, Dividends, Splits and Trading Volume",Yahoo_Finance,https://finance.yahoo.com/
288,Equities,industry,Industrials,PNR,datasets,"Pentair PLC (PNR) Prices, Dividends, Splits and Trading Volume",Yahoo_Finance,https://finance.yahoo.com/
289,Equities,industry,Industrials,PH,datasets,"Parker Hannifin Corp. (PH) Prices, Dividends, Splits and Trading Volume",Yahoo_Finance,https://finance.yahoo.com/
290,Equities,industry,Health Care,PKI,datasets,"PerkinElmer Inc. (PKI) Prices, Dividends, Splits and Trading Volume",Yahoo_Finance,https://finance.yahoo.com/
291,Equities,industry,Utilities,PPL,datasets,"PPL Corp (PPL) Prices, Dividends, Splits and Trading Volume",Yahoo_Finance,https://finance.yahoo.com/
292,Equities,industry,Real Estate,PSA,datasets,"Public Storage (PSA) Prices, Dividends, Splits and Trading Volume",Yahoo_Finance,https://finance.yahoo.com/
293,Equities,industry,Utilities,PNW,datasets,"Pinnacle West Capital Corp. (PNW) Prices, Dividends, Splits and Trading Volume",Yahoo_Finance,https://finance.yahoo.com/
294,Equities,industry,Consumer Discretionary,PVH,datasets,"PVH Corp (PVH) Prices, Dividends, Splits and Trading Volume",Yahoo_Finance,https://finance.yahoo.com/
295,Equities,industry,Materials,PPG,datasets,"PPG Industries Inc. (PPG) Prices, Dividends, Splits and Trading Volume",Yahoo_Finance,https://finance.yahoo.com/
296,Equities,industry,Materials,PX,datasets,"Praxair Inc. (PX) Prices, Dividends, Splits and Trading Volume",Yahoo_Finance,https://finance.yahoo.com/
297,Equities,industry,Health Care,PRGO,datasets,"Perrigo Company plc (PRGO) Prices, Dividends, Splits and Trading Volume",Yahoo_Finance,https://finance.yahoo.com/
298,Equities,industry,Financials,PRU,datasets,"Prudential Financial Inc. (PRU) Prices, Dividends, Splits and Trading Volume",Yahoo_Finance,https://finance.yahoo.com/
299,Equities,industry,Energy,PSX,datasets,"Phillips 66 (PSX) Prices, Dividends, Splits and Trading Volume",Yahoo_Finance,https://finance.yahoo.com/
300,Equities,industry,Industrials,PWR,datasets,"Quanta Services Inc. (PWR) Prices, Dividends, Splits and Trading Volume",Yahoo_Finance,https://finance.yahoo.com/
301,Equities,industry,Financials,RF,datasets,"Regions Financial Corp (RF) Prices, Dividends, Splits and Trading Volume",Yahoo_Finance,https://finance.yahoo.com/
302,Equities,industry,Energy,PXD,datasets,"Pioneer Natural Resources Co. (PXD) Prices, Dividends, Splits and Trading Volume",Yahoo_Finance,https://finance.yahoo.com/
303,Equities,industry,Industrials,RHI,datasets,"Robert Half International Inc. (RHI) Prices, Dividends, Splits and Trading Volume",Yahoo_Finance,https://finance.yahoo.com/
304,Equities,industry,Information Technology,QCOM,datasets,"Qualcomm Inc. (QCOM) Prices, Dividends, Splits and Trading Volume",Yahoo_Finance,https://finance.yahoo.com/
305,Equities,industry,Consumer Discretionary,RL,datasets,"Ralph Lauren Corp (RL) Prices, Dividends, Splits and Trading Volume",Yahoo_Finance,https://finance.yahoo.com/
306,Equities,industry,Industrials,ROP,datasets,"Roper Technologies Inc (ROP) Prices, Dividends, Splits and Trading Volume",Yahoo_Finance,https://finance.yahoo.com/
307,Equities,industry,Health Care,REGN,datasets,"Regeneron Pharmaceuticals Inc. (REGN) Prices, Dividends, Splits and Trading Volume",Yahoo_Finance,https://finance.yahoo.com/
308,Equities,industry,Energy,RRC,datasets,"Range Resources Corp (RRC) Prices, Dividends, Splits and Trading Volume",Yahoo_Finance,https://finance.yahoo.com/
309,Equities,industry,Industrials,RTN,datasets,"Raytheon Co. (RTN) Prices, Dividends, Splits and Trading Volume",Yahoo_Finance,https://finance.yahoo.com/
310,Equities,industry,Information Technology,RHT,datasets,"Red Hat Inc. (RHT) Prices, Dividends, Splits and Trading Volume",Yahoo_Finance,https://finance.yahoo.com/
311,Equities,industry,Industrials,ROK,datasets,"Rockwell Automation Inc. (ROK) Prices, Dividends, Splits and Trading Volume",Yahoo_Finance,https://finance.yahoo.com/
312,Equities,industry,Materials,SEE,datasets,"Sealed Air Corp. (SEE) Prices, Dividends, Splits and Trading Volume",Yahoo_Finance,https://finance.yahoo.com/
313,Equities,industry,Consumer Discretionary,ROST,datasets,"Ross Stores Inc. (ROST) Prices, Dividends, Splits and Trading Volume",Yahoo_Finance,https://finance.yahoo.com/
314,Equities,industry,Materials,SHW,datasets,"Sherwin-Williams Co. (SHW) Prices, Dividends, Splits and Trading Volume",Yahoo_Finance,https://finance.yahoo.com/
315,Equities,industry,Industrials,RSG,datasets,"Republic Services Inc. (RSG) Prices, Dividends, Splits and Trading Volume",Yahoo_Finance,https://finance.yahoo.com/
316,Equities,industry,Consumer Discretionary,SBUX,datasets,"Starbucks Corp. (SBUX) Prices, Dividends, Splits and Trading Volume",Yahoo_Finance,https://finance.yahoo.com/
317,Equities,industry,Utilities,SCG,datasets,"SCANA Corp (SCG) Prices, Dividends, Splits and Trading Volume",Yahoo_Finance,https://finance.yahoo.com/
318,Equities,industry,Financials,SCHW,datasets,"Charles Schwab Corp. (SCHW) Prices, Dividends, Splits and Trading Volume",Yahoo_Finance,https://finance.yahoo.com/
319,Equities,industry,Industrials,SNA,datasets,"Snap-On Inc. (SNA) Prices, Dividends, Splits and Trading Volume",Yahoo_Finance,https://finance.yahoo.com/
320,Equities,industry,Utilities,SO,datasets,"Southern Co. (SO) Prices, Dividends, Splits and Trading Volume",Yahoo_Finance,https://finance.yahoo.com/
321,Equities,industry,Consumer Staples,SJM,datasets,"Smucker (J.M.) Co. (SJM) Prices, Dividends, Splits and Trading Volume",Yahoo_Finance,https://finance.yahoo.com/
322,Equities,industry,Industrials,SRCL,datasets,"Stericycle Inc. (SRCL) Prices, Dividends, Splits and Trading Volume",Yahoo_Finance,https://finance.yahoo.com/
323,Equities,industry,Energy,SLB,datasets,"Schlumberger Ltd. (SLB) Prices, Dividends, Splits and Trading Volume",Yahoo_Finance,https://finance.yahoo.com/
324,Equities,industry,Financials,STT,datasets,"State Street Corp (STT) Prices, Dividends, Splits and Trading Volume",Yahoo_Finance,https://finance.yahoo.com/
325,Equities,industry,Information Technology,STX,datasets,"Seagate Technology (STX) Prices, Dividends, Splits and Trading Volume",Yahoo_Finance,https://finance.yahoo.com/
326,Equities,industry,Real Estate,SPG,datasets,"Simon Property Group Inc. (SPG) Prices, Dividends, Splits and Trading Volume",Yahoo_Finance,https://finance.yahoo.com/
327,Equities,industry,Utilities,SRE,datasets,"Sempra Energy (SRE) Prices, Dividends, Splits and Trading Volume",Yahoo_Finance,https://finance.yahoo.com/
328,Equities,industry,Financials,STI,datasets,"Suntrust Banks Inc. (STI) Prices, Dividends, Splits and Trading Volume",Yahoo_Finance,https://finance.yahoo.com/
329,Equities,industry,Health Care,SYK,datasets,"Stryker Corp. (SYK) Prices, Dividends, Splits and Trading Volume",Yahoo_Finance,https://finance.yahoo.com/
330,Equities,industry,Information Technology,SYMC,datasets,"Symantec Corp. (SYMC) Prices, Dividends, Splits and Trading Volume",Yahoo_Finance,https://finance.yahoo.com/
331,Equities,industry,Consumer Staples,STZ,datasets,"Constellation Brands Inc (STZ) Prices, Dividends, Splits and Trading Volume",Yahoo_Finance,https://finance.yahoo.com/
332,Equities,industry,Consumer Staples,TAP,datasets,"Molson Coors Brewing Co. Cl B (TAP) Prices, Dividends, Splits and Trading Volume",Yahoo_Finance,https://finance.yahoo.com/
333,Equities,industry,Industrials,SWK,datasets,"Stanley Works (SWK) Prices, Dividends, Splits and Trading Volume",Yahoo_Finance,https://finance.yahoo.com/
334,Equities,industry,Consumer Staples,SYY,datasets,"Sysco Corp. (SYY) Prices, Dividends, Splits and Trading Volume",Yahoo_Finance,https://finance.yahoo.com/
335,Equities,industry,Telecommunication Services,T,datasets,"AT&T Inc (T) Prices, Dividends, Splits and Trading Volume",Yahoo_Finance,https://finance.yahoo.com/
336,Equities,industry,Consumer Discretionary,TIF,datasets,"Tiffany & Co. (TIF) Prices, Dividends, Splits and Trading Volume",Yahoo_Finance,https://finance.yahoo.com/
337,Equities,industry,Consumer Discretionary,TJX,datasets,"TJX Companies Inc. (TJX) Prices, Dividends, Splits and Trading Volume",Yahoo_Finance,https://finance.yahoo.com/
338,Equities,industry,Financials,TMK,datasets,"Torchmark Corp. (TMK) Prices, Dividends, Splits and Trading Volume",Yahoo_Finance,https://finance.yahoo.com/
339,Equities,industry,Information Technology,TEL,datasets,"TE Connectivity (TEL) Prices, Dividends, Splits and Trading Volume",Yahoo_Finance,https://finance.yahoo.com/
340,Equities,industry,Financials,TRV,datasets,"Travelers Companies Inc (The) (TRV) Prices, Dividends, Splits and Trading Volume",Yahoo_Finance,https://finance.yahoo.com/
341,Equities,industry,Consumer Discretionary,TGT,datasets,"Target Corp. (TGT) Prices, Dividends, Splits and Trading Volume",Yahoo_Finance,https://finance.yahoo.com/
342,Equities,industry,Consumer Staples,TSN,datasets,"Tyson Foods Inc. (TSN) Prices, Dividends, Splits and Trading Volume",Yahoo_Finance,https://finance.yahoo.com/
343,Equities,industry,Health Care,TMO,datasets,"Thermo Fisher Scientific (TMO) Prices, Dividends, Splits and Trading Volume",Yahoo_Finance,https://finance.yahoo.com/
344,Equities,industry,Consumer Discretionary,TRIP,datasets,"TripAdvisor Inc. (TRIP) Prices, Dividends, Splits and Trading Volume",Yahoo_Finance,https://finance.yahoo.com/
345,Equities,industry,Financials,TROW,datasets,"T Rowe Price Group Inc. (TROW) Prices, Dividends, Splits and Trading Volume",Yahoo_Finance,https://finance.yahoo.com/
346,Equities,industry,Information Technology,TSS,datasets,"Total System Services Inc. (TSS) Prices, Dividends, Splits and Trading Volume",Yahoo_Finance,https://finance.yahoo.com/
347,Equities,industry,Industrials,UNP,datasets,"Union Pacific Corp (UNP) Prices, Dividends, Splits and Trading Volume",Yahoo_Finance,https://finance.yahoo.com/
348,Equities,industry,Consumer Discretionary,TWX,datasets,"Time Warner Inc (TWX) Prices, Dividends, Splits and Trading Volume",Yahoo_Finance,https://finance.yahoo.com/
349,Equities,industry,Information Technology,TXN,datasets,"Texas Instruments Inc. (TXN) Prices, Dividends, Splits and Trading Volume",Yahoo_Finance,https://finance.yahoo.com/
350,Equities,industry,Industrials,TXT,datasets,"Textron Inc. (TXT) Prices, Dividends, Splits and Trading Volume",Yahoo_Finance,https://finance.yahoo.com/
351,Equities,industry,Industrials,UTX,datasets,"United Technologies Corp. (UTX) Prices, Dividends, Splits and Trading Volume",Yahoo_Finance,https://finance.yahoo.com/
352,Equities,industry,Health Care,UNH,datasets,"UnitedHealth Group Inc (UNH) Prices, Dividends, Splits and Trading Volume",Yahoo_Finance,https://finance.yahoo.com/
353,Equities,industry,Health Care,VAR,datasets,"Varian Medical Systems Inc. (VAR) Prices, Dividends, Splits and Trading Volume",Yahoo_Finance,https://finance.yahoo.com/
354,Equities,industry,Consumer Discretionary,VFC,datasets,"VF Corp. (VFC) Prices, Dividends, Splits and Trading Volume",Yahoo_Finance,https://finance.yahoo.com/
355,Equities,industry,Industrials,UPS,datasets,"United Parcel Service Inc. (UPS) Prices, Dividends, Splits and Trading Volume",Yahoo_Finance,https://finance.yahoo.com/
356,Equities,industry,Materials,VMC,datasets,"Vulcan Materials Co (Holding Company) (VMC) Prices, Dividends, Splits and Trading Volume",Yahoo_Finance,https://finance.yahoo.com/
357,Equities,industry,Financials,USB,datasets,"U.S. Bancorp (DE) (USB) Prices, Dividends, Splits and Trading Volume",Yahoo_Finance,https://finance.yahoo.com/
358,Equities,industry,Information Technology,V,datasets,"Visa Inc (V) Prices, Dividends, Splits and Trading Volume",Yahoo_Finance,https://finance.yahoo.com/
359,Equities,industry,Telecommunication Services,VZ,datasets,"Verizon Communications Inc (VZ) Prices, Dividends, Splits and Trading Volume",Yahoo_Finance,https://finance.yahoo.com/
360,Equities,industry,Consumer Discretionary,VIAB,datasets,"Viacom Inc (VIAB) Prices, Dividends, Splits and Trading Volume",Yahoo_Finance,https://finance.yahoo.com/
361,Equities,industry,Health Care,WAT,datasets,"Waters Corp. (WAT) Prices, Dividends, Splits and Trading Volume",Yahoo_Finance,https://finance.yahoo.com/
362,Equities,industry,Energy,VLO,datasets,"Valero Energy Corp. (VLO) Prices, Dividends, Splits and Trading Volume",Yahoo_Finance,https://finance.yahoo.com/
363,Equities,industry,Information Technology,WDC,datasets,"Western Digital Corp. (WDC) Prices, Dividends, Splits and Trading Volume",Yahoo_Finance,https://finance.yahoo.com/
364,Equities,industry,Utilities,WEC,datasets,"WEC Energy Group Inc (WEC) Prices, Dividends, Splits and Trading Volume",Yahoo_Finance,https://finance.yahoo.com/
365,Equities,industry,Real Estate,VNO,datasets,"Vornado Realty Trust (VNO) Prices, Dividends, Splits and Trading Volume",Yahoo_Finance,https://finance.yahoo.com/
366,Equities,industry,Financials,WFC,datasets,"Wells Fargo & Co. (WFC) Prices, Dividends, Splits and Trading Volume",Yahoo_Finance,https://finance.yahoo.com/
367,Equities,industry,Information Technology,VRSN,datasets,"VeriSign Inc. (VRSN) Prices, Dividends, Splits and Trading Volume",Yahoo_Finance,https://finance.yahoo.com/
368,Equities,industry,Health Care,VRTX,datasets,"Vertex Pharmaceuticals Incorporated (VRTX) Prices, Dividends, Splits and Trading Volume",Yahoo_Finance,https://finance.yahoo.com/
369,Equities,industry,Consumer Discretionary,WHR,datasets,"Whirlpool Corp (WHR) Prices, Dividends, Splits and Trading Volume",Yahoo_Finance,https://finance.yahoo.com/
370,Equities,industry,Real Estate,VTR,datasets,"Ventas Inc. (VTR) Prices, Dividends, Splits and Trading Volume",Yahoo_Finance,https://finance.yahoo.com/
371,Equities,industry,Industrials,WM,datasets,"Waste Management Inc. (DE) (WM) Prices, Dividends, Splits and Trading Volume",Yahoo_Finance,https://finance.yahoo.com/
372,Equities,industry,Energy,WMB,datasets,"Williams Cos Inc (The) (WMB) Prices, Dividends, Splits and Trading Volume",Yahoo_Finance,https://finance.yahoo.com/
373,Equities,industry,Real Estate,WY,datasets,"Weyerhaeuser Co. (WY) Prices, Dividends, Splits and Trading Volume",Yahoo_Finance,https://finance.yahoo.com/
374,Equities,industry,Consumer Discretionary,WYN,datasets,"Wyndham Worldwide Corp (WYN) Prices, Dividends, Splits and Trading Volume",Yahoo_Finance,https://finance.yahoo.com/
375,Equities,industry,Consumer Discretionary,WYNN,datasets,"Wynn Resorts Ltd (WYNN) Prices, Dividends, Splits and Trading Volume",Yahoo_Finance,https://finance.yahoo.com/
376,Equities,industry,Consumer Staples,WMT,datasets,"Wal-Mart Stores (WMT) Prices, Dividends, Splits and Trading Volume",Yahoo_Finance,https://finance.yahoo.com/
377,Equities,industry,Information Technology,XLNX,datasets,"Xilinx Inc. (XLNX) Prices, Dividends, Splits and Trading Volume",Yahoo_Finance,https://finance.yahoo.com/
378,Equities,industry,Energy,XOM,datasets,"Exxon Mobil Corp. (XOM) Prices, Dividends, Splits and Trading Volume",Yahoo_Finance,https://finance.yahoo.com/
379,Equities,industry,Information Technology,WU,datasets,"Western Union Co. (WU) Prices, Dividends, Splits and Trading Volume",Yahoo_Finance,https://finance.yahoo.com/
380,Equities,industry,Health Care,XRAY,datasets,"DENTSPLY International Inc. (XRAY) Prices, Dividends, Splits and Trading Volume",Yahoo_Finance,https://finance.yahoo.com/
381,Equities,industry,Information Technology,XRX,datasets,"Xerox Corp (XRX) Prices, Dividends, Splits and Trading Volume",Yahoo_Finance,https://finance.yahoo.com/
382,Equities,industry,Utilities,XEL,datasets,"Xcel Energy Inc. (XEL) Prices, Dividends, Splits and Trading Volume",Yahoo_Finance,https://finance.yahoo.com/
383,Equities,industry,Consumer Discretionary,YUM,datasets,"Yum! Brands Inc. (YUM) Prices, Dividends, Splits and Trading Volume",Yahoo_Finance,https://finance.yahoo.com/
384,Equities,industry,Financials,XL,datasets,"XL Group Plc (XL) Prices, Dividends, Splits and Trading Volume",Yahoo_Finance,https://finance.yahoo.com/
385,Equities,industry,Industrials,XYL,datasets,"Xylem Inc. (XYL) Prices, Dividends, Splits and Trading Volume",Yahoo_Finance,https://finance.yahoo.com/
386,Equities,industry,Financials,ZION,datasets,"Zions Bancorporation (ZION) Prices, Dividends, Splits and Trading Volume",Yahoo_Finance,https://finance.yahoo.com/
387,Equities,industry,Health Care,ZTS,datasets,"Zoetis Inc (ZTS) Prices, Dividends, Splits and Trading Volume",Yahoo_Finance,https://finance.yahoo.com/
388,Equities,industry,Consumer Discretionary,TSCO,datasets,"Tractor Supply Co. (TSCO) Prices, Dividends, Splits and Trading Volume",Yahoo_Finance,https://finance.yahoo.com/
389,Equities,industry,Information Technology,ATVI,datasets,"Activision Blizzard Inc. (ATVI) Prices, Dividends, Splits and Trading Volume",Yahoo_Finance,https://finance.yahoo.com/
390,Equities,industry,Industrials,AYI,datasets,"Acuity Brands Inc (Holding Company) (AYI) Prices, Dividends, Splits and Trading Volume",Yahoo_Finance,https://finance.yahoo.com/
391,Equities,industry,Consumer Discretionary,AAP,datasets,"Advance Auto Parts Inc (AAP) Prices, Dividends, Splits and Trading Volume",Yahoo_Finance,https://finance.yahoo.com/
392,Equities,industry,Information Technology,AMD,datasets,"Advanced Micro Devices Inc. (AMD) Prices, Dividends, Splits and Trading Volume",Yahoo_Finance,https://finance.yahoo.com/
393,Equities,industry,Financials,AMG,datasets,"Affiliated Managers Group Inc. (AMG) Prices, Dividends, Splits and Trading Volume",Yahoo_Finance,https://finance.yahoo.com/
394,Equities,industry,Industrials,ALK,datasets,"Alaska Air Group Inc. (ALK) Prices, Dividends, Splits and Trading Volume",Yahoo_Finance,https://finance.yahoo.com/
395,Equities,industry,Materials,ALB,datasets,"Albemarle Corp. (ALB) Prices, Dividends, Splits and Trading Volume",Yahoo_Finance,https://finance.yahoo.com/
396,Equities,industry,Health Care,ALGN,datasets,"Align Technology Inc. (ALGN) Prices, Dividends, Splits and Trading Volume",Yahoo_Finance,https://finance.yahoo.com/
397,Equities,industry,Utilities,LNT,datasets,"Alliant Energy Corp. (LNT) Prices, Dividends, Splits and Trading Volume",Yahoo_Finance,https://finance.yahoo.com/
398,Equities,industry,Industrials,AAL,datasets,"American Airlines Group Inc. (AAL) Prices, Dividends, Splits and Trading Volume",Yahoo_Finance,https://finance.yahoo.com/
399,Equities,industry,Utilities,AWK,datasets,"American Water Works Co Inc. (AWK) Prices, Dividends, Splits and Trading Volume",Yahoo_Finance,https://finance.yahoo.com/
400,Equities,industry,Information Technology,ANSS,datasets,"ANSYS Inc. (ANSS) Prices, Dividends, Splits and Trading Volume",Yahoo_Finance,https://finance.yahoo.com/
401,Equities,industry,Financials,AJG,datasets,"Gallagher (Arthur J.) & Co. (AJG) Prices, Dividends, Splits and Trading Volume",Yahoo_Finance,https://finance.yahoo.com/
402,Equities,industry,Information Technology,AVGO,datasets,"Avago Technologies Ltd (AVGO) Prices, Dividends, Splits and Trading Volume",Yahoo_Finance,https://finance.yahoo.com/
403,Equities,industry,Information Technology,CDNS,datasets,"Cadence Design Systems Inc. (CDNS) Prices, Dividends, Splits and Trading Volume",Yahoo_Finance,https://finance.yahoo.com/
404,Equities,industry,Financials,CBOE,datasets,"CBOE Holdings Inc. (CBOE) Prices, Dividends, Splits and Trading Volume",Yahoo_Finance,https://finance.yahoo.com/
405,Equities,industry,Health Care,CNC,datasets,"Centene Corp (CNC) Prices, Dividends, Splits and Trading Volume",Yahoo_Finance,https://finance.yahoo.com/
406,Equities,industry,Consumer Discretionary,CHTR,datasets,"Charter Communications Inc. (CHTR) Prices, Dividends, Splits and Trading Volume",Yahoo_Finance,https://finance.yahoo.com/
407,Equities,industry,Consumer Staples,CHD,datasets,"Church & Dwight Co. Inc. (CHD) Prices, Dividends, Splits and Trading Volume",Yahoo_Finance,https://finance.yahoo.com/
408,Equities,industry,Energy,XEC,datasets,"Cimarex Energy Co (XEC) Prices, Dividends, Splits and Trading Volume",Yahoo_Finance,https://finance.yahoo.com/
409,Equities,industry,Energy,CXO,datasets,"Concho Resources (CXO) Prices, Dividends, Splits and Trading Volume",Yahoo_Finance,https://finance.yahoo.com/
410,Equities,industry,Health Care,COO,datasets,"Cooper Cos. (COO) Prices, Dividends, Splits and Trading Volume",Yahoo_Finance,https://finance.yahoo.com/
411,Equities,industry,Consumer Staples,COTY,datasets,"Coty Inc. (COTY) Prices, Dividends, Splits and Trading Volume",Yahoo_Finance,https://finance.yahoo.com/
412,Equities,industry,Consumer Discretionary,DISCK,datasets,"Discovery Communications Inc. (DISCK) Prices, Dividends, Splits and Trading Volume",Yahoo_Finance,https://finance.yahoo.com/
413,Equities,industry,Consumer Discretionary,DISH,datasets,"DISH Network Corporation (DISH) Prices, Dividends, Splits and Trading Volume",Yahoo_Finance,https://finance.yahoo.com/
414,Equities,industry,Health Care,EVHC,datasets,"Envision Healthcare Holdings, Inc. (EVHC) Prices, Dividends, Splits and Trading Volume",Yahoo_Finance,https://finance.yahoo.com/
415,Equities,industry,Real Estate,EQIX,datasets,"Equinix Inc (New) (EQIX) Prices, Dividends, Splits and Trading Volume",Yahoo_Finance,https://finance.yahoo.com/
416,Equities,industry,Financials,RE,datasets,"Everest Re Group Ltd (RE) Prices, Dividends, Splits and Trading Volume",Yahoo_Finance,https://finance.yahoo.com/
417,Equities,industry,Information Technology,GPN,datasets,"Global Payments Inc. (GPN) Prices, Dividends, Splits and Trading Volume",Yahoo_Finance,https://finance.yahoo.com/
418,Equities,industry,Consumer Discretionary,HBI,datasets,"HanesBrands Inc (HBI) Prices, Dividends, Splits and Trading Volume",Yahoo_Finance,https://finance.yahoo.com/
419,Equities,industry,Health Care,HCA,datasets,"HCA Holdings (HCA) Prices, Dividends, Splits and Trading Volume",Yahoo_Finance,https://finance.yahoo.com/
420,Equities,industry,Health Care,HSIC,datasets,"Henry Schein Inc. (HSIC) Prices, Dividends, Splits and Trading Volume",Yahoo_Finance,https://finance.yahoo.com/
421,Equities,industry,Health Care,HOLX,datasets,"Hologic Inc. (HOLX) Prices, Dividends, Splits and Trading Volume",Yahoo_Finance,https://finance.yahoo.com/
422,Equities,industry,Industrials,JBHT,datasets,"Hunt (J.B.) Transport Services Inc. (JBHT) Prices, Dividends, Splits and Trading Volume",Yahoo_Finance,https://finance.yahoo.com/
423,Equities,industry,Industrials,HII,datasets,"Huntington Ingalls Industries Inc. (HII) Prices, Dividends, Splits and Trading Volume",Yahoo_Finance,https://finance.yahoo.com/
424,Equities,industry,Health Care,IDXX,datasets,"Idexx Laboratories Inc. (IDXX) Prices, Dividends, Splits and Trading Volume",Yahoo_Finance,https://finance.yahoo.com/
425,Equities,industry,Health Care,ILMN,datasets,"Illumina Inc. (ILMN) Prices, Dividends, Splits and Trading Volume",Yahoo_Finance,https://finance.yahoo.com/
426,Equities,industry,Health Care,INCY,datasets,"Incyte Corp. (INCY) Prices, Dividends, Splits and Trading Volume",Yahoo_Finance,https://finance.yahoo.com/
427,Equities,industry,Information Technology,IPGP,datasets,"IPG Photonics Corporation (IPGP) Prices, Dividends, Splits and Trading Volume",Yahoo_Finance,https://finance.yahoo.com/
428,Equities,industry,Consumer Discretionary,LKQ,datasets,"LKQ Corporation (LKQ) Prices, Dividends, Splits and Trading Volume",Yahoo_Finance,https://finance.yahoo.com/
429,Equities,industry,Materials,MLM,datasets,"Martin Marietta Materials Inc. (MLM) Prices, Dividends, Splits and Trading Volume",Yahoo_Finance,https://finance.yahoo.com/
430,Equities,industry,Health Care,MTD,datasets,"Mettler-Toledo International Inc. (MTD) Prices, Dividends, Splits and Trading Volume",Yahoo_Finance,https://finance.yahoo.com/
431,Equities,industry,Consumer Discretionary,MGM,datasets,"MGM Resorts International (MGM) Prices, Dividends, Splits and Trading Volume",Yahoo_Finance,https://finance.yahoo.com/
432,Equities,industry,Financials,MSCI,datasets,"MSCI Inc (MSCI) Prices, Dividends, Splits and Trading Volume",Yahoo_Finance,https://finance.yahoo.com/
433,Equities,industry,Health Care,NKTR,datasets,"Nektar Therapeutics (NKTR) Prices, Dividends, Splits and Trading Volume",Yahoo_Finance,https://finance.yahoo.com/
434,Equities,industry,Consumer Discretionary,NWS,datasets,"News Corp (New) (NWS) Prices, Dividends, Splits and Trading Volume",Yahoo_Finance,https://finance.yahoo.com/
435,Equities,industry,Consumer Discretionary,NCLH,datasets,"Norwegian Cruise Line Holdings Ltd. (NCLH) Prices, Dividends, Splits and Trading Volume",Yahoo_Finance,https://finance.yahoo.com/
436,Equities,industry,Materials,PKG,datasets,"Packaging Corp of America (PKG) Prices, Dividends, Splits and Trading Volume",Yahoo_Finance,https://finance.yahoo.com/
437,Equities,industry,Financials,RJF,datasets,"Raymond James Financial Inc. (RJF) Prices, Dividends, Splits and Trading Volume",Yahoo_Finance,https://finance.yahoo.com/
438,Equities,industry,Health Care,RMD,datasets,"ResMed Inc. (RMD) Prices, Dividends, Splits and Trading Volume",Yahoo_Finance,https://finance.yahoo.com/
439,Equities,industry,Consumer Discretionary,RCL,datasets,"Royal Caribbean Cruises Ltd. (RCL) Prices, Dividends, Splits and Trading Volume",Yahoo_Finance,https://finance.yahoo.com/
440,Equities,industry,Real Estate,SBAC,datasets,"SBA Communications Corporation (SBAC) Prices, Dividends, Splits and Trading Volume",Yahoo_Finance,https://finance.yahoo.com/
441,Equities,industry,Information Technology,SWKS,datasets,"Skyworks Solutions Inc. (SWKS) Prices, Dividends, Splits and Trading Volume",Yahoo_Finance,https://finance.yahoo.com/
442,Equities,industry,Industrials,AOS,datasets,"Smith (A.O.) Corp (AOS) Prices, Dividends, Splits and Trading Volume",Yahoo_Finance,https://finance.yahoo.com/
443,Equities,industry,Financials,SIVB,datasets,"SVB Financial Group (SIVB) Prices, Dividends, Splits and Trading Volume",Yahoo_Finance,https://finance.yahoo.com/
444,Equities,industry,Information Technology,SNPS,datasets,"Synopsys Inc. (SNPS) Prices, Dividends, Splits and Trading Volume",Yahoo_Finance,https://finance.yahoo.com/
445,Equities,industry,Information Technology,TTWO,datasets,"Take-Two Interactive Software Inc. (TTWO) Prices, Dividends, Splits and Trading Volume",Yahoo_Finance,https://finance.yahoo.com/
446,Equities,industry,Industrials,TDG,datasets,"TransDigm (TDG) Prices, Dividends, Splits and Trading Volume",Yahoo_Finance,https://finance.yahoo.com/
447,Equities,industry,Consumer Discretionary,FOX,datasets,"21st  Century Fox Inc (FOX) Prices, Dividends, Splits and Trading Volume",Yahoo_Finance,https://finance.yahoo.com/
448,Equities,industry,Consumer Discretionary,ULTA,datasets,"Ulta Salon Cosmetics & Fragrance Inc. (ULTA) Prices, Dividends, Splits and Trading Volume",Yahoo_Finance,https://finance.yahoo.com/
449,Equities,industry,Consumer Discretionary,UA,datasets,"Under Armour (UA) Prices, Dividends, Splits and Trading Volume",Yahoo_Finance,https://finance.yahoo.com/
450,Equities,industry,Industrials,UAL,datasets,"United Continental Holdings (UAL) Prices, Dividends, Splits and Trading Volume",Yahoo_Finance,https://finance.yahoo.com/
451,Equities,industry,Industrials,URI,datasets,"United Rentals Inc. (URI) Prices, Dividends, Splits and Trading Volume",Yahoo_Finance,https://finance.yahoo.com/
452,Equities,industry,Health Care,UHS,datasets,"Universal Health Services Inc. (UHS) Prices, Dividends, Splits and Trading Volume",Yahoo_Finance,https://finance.yahoo.com/
453,Equities,industry,Industrials,VRSK,datasets,"Verisk Analytics Inc (VRSK) Prices, Dividends, Splits and Trading Volume",Yahoo_Finance,https://finance.yahoo.com/
454,Equities,industry,Real Estate,ARE,datasets,"Alexandria Real Estate Equities Inc. (ARE) Prices, Dividends, Splits and Trading Volume",Yahoo_Finance,https://finance.yahoo.com/
455,Equities,industry,Real Estate,DLR,datasets,"Digital Realty Trust Inc. (DLR) Prices, Dividends, Splits and Trading Volume",Yahoo_Finance,https://finance.yahoo.com/
456,Equities,industry,Real Estate,DRE,datasets,"Duke Realty Corp. (DRE) Prices, Dividends, Splits and Trading Volume",Yahoo_Finance,https://finance.yahoo.com/
457,Equities,industry,Real Estate,ESS,datasets,"Essex Property Trust Inc. (ESS) Prices, Dividends, Splits and Trading Volume",Yahoo_Finance,https://finance.yahoo.com/
458,Equities,industry,Real Estate,EXR,datasets,"Extra Space Storage Inc. (EXR) Prices, Dividends, Splits and Trading Volume",Yahoo_Finance,https://finance.yahoo.com/
459,Equities,industry,Real Estate,FRT,datasets,"Federal Realty Investment Trust (MD) (FRT) Prices, Dividends, Splits and Trading Volume",Yahoo_Finance,https://finance.yahoo.com/
460,Equities,industry,Consumer Discretionary,FL,datasets,"Foot Locker Inc. (FL) Prices, Dividends, Splits and Trading Volume",Yahoo_Finance,https://finance.yahoo.com/
461,Equities,industry,Industrials,FBHS,datasets,"Fortune Brands Home & Security Inc. (FBHS) Prices, Dividends, Splits and Trading Volume",Yahoo_Finance,https://finance.yahoo.com/
462,Equities,industry,Information Technology,IT,datasets,"Gartner (IT) Prices, Dividends, Splits and Trading Volume",Yahoo_Finance,https://finance.yahoo.com/
463,Equities,industry,Real Estate,O,datasets,"Realty Income Corp. (O) Prices, Dividends, Splits and Trading Volume",Yahoo_Finance,https://finance.yahoo.com/
464,Equities,industry,Real Estate,SLG,datasets,"SL Green Realty Corp. (SLG) Prices, Dividends, Splits and Trading Volume",Yahoo_Finance,https://finance.yahoo.com/
465,Equities,industry,Real Estate,UDR,datasets,"UDR Inc (UDR) Prices, Dividends, Splits and Trading Volume",Yahoo_Finance,https://finance.yahoo.com/
466,Equities,industry,Information Technology,GOOGL,datasets,"Alphabet Inc (GOOGL) Prices, Dividends, Splits and Trading Volume",Yahoo_Finance,https://finance.yahoo.com/
467,Equities,industry,Financials,NAVI,datasets,"Navient Corp (NAVI) Prices, Dividends, Splits and Trading Volume",Yahoo_Finance,https://finance.yahoo.com/
468,Equities,industry,Real Estate,REG,datasets,"Regency Centers Corp. (REG) Prices, Dividends, Splits and Trading Volume",Yahoo_Finance,https://finance.yahoo.com/
469,Equities,industry,Health Care,ANTM,datasets,"Anthem Inc (ANTM) Prices, Dividends, Splits and Trading Volume",Yahoo_Finance,https://finance.yahoo.com/
470,Equities,industry,Consumer Staples,WBA,datasets,"Walgreens Boots Alliance Inc (WBA) Prices, Dividends, Splits and Trading Volume",Yahoo_Finance,https://finance.yahoo.com/
471,Equities,industry,Utilities,ES,datasets,"Eversource Energy (ES) Prices, Dividends, Splits and Trading Volume",Yahoo_Finance,https://finance.yahoo.com/
472,Equities,industry,Information Technology,QRVO,datasets,"Qorvo Inc (QRVO) Prices, Dividends, Splits and Trading Volume",Yahoo_Finance,https://finance.yahoo.com/
473,Equities,industry,Financials,JPM,datasets,"JP Morgan Chase (JPM) Prices, Dividends, Splits and Trading Volume",Yahoo_Finance,https://finance.yahoo.com/
474,Equities,industry,Financials,PGR,datasets,"Progressive Corp. (PGR) Prices, Dividends, Splits and Trading Volume",Yahoo_Finance,https://finance.yahoo.com/
475,Equities,industry,Financials,UNM,datasets,"Unum Group (UNM) Prices, Dividends, Splits and Trading Volume",Yahoo_Finance,https://finance.yahoo.com/
476,Equities,industry,Health Care,ZBH,datasets,"Zimmer Biomet Holdings Inc (ZBH) Prices, Dividends, Splits and Trading Volume",Yahoo_Finance,https://finance.yahoo.com/
477,Equities,industry,Information Technology,PYPL,datasets,"PayPal Holdings Inc (PYPL) Prices, Dividends, Splits and Trading Volume",Yahoo_Finance,https://finance.yahoo.com/
478,Equities,industry,Consumer Staples,KHC,datasets,"Kraft Heinz Co (The) (KHC) Prices, Dividends, Splits and Trading Volume",Yahoo_Finance,https://finance.yahoo.com/
479,Equities,industry,Materials,WRK,datasets,"WestRock Co (WRK) Prices, Dividends, Splits and Trading Volume",Yahoo_Finance,https://finance.yahoo.com/
480,Equities,industry,Information Technology,HPE,datasets,"Hewlett Packard Enterprise Co (HPE) Prices, Dividends, Splits and Trading Volume",Yahoo_Finance,https://finance.yahoo.com/
481,Equities,industry,Financials,SYF,datasets,"Synchrony Financial (SYF) Prices, Dividends, Splits and Trading Volume",Yahoo_Finance,https://finance.yahoo.com/
482,Equities,industry,Financials,WLTW,datasets,"WLTW (WLTW) Prices, Dividends, Splits and Trading Volume",Yahoo_Finance,https://finance.yahoo.com/
483,Equities,industry,Financials,CFG,datasets,"Citizens Financial Group Inc (New) (CFG) Prices, Dividends, Splits and Trading Volume",Yahoo_Finance,https://finance.yahoo.com/
484,Equities,industry,Financials,SPGI,datasets,Untitled Dataset 2016-05-03 21:49:19,Yahoo_Finance,https://finance.yahoo.com/
485,Equities,industry,Industrials,FTV,datasets,Untitled Dataset 2016-07-06 21:49:01,Yahoo_Finance,https://finance.yahoo.com/
486,Equities,industry,Industrials,ARNC,datasets,"Arconic Inc. (ARNC) Prices, Dividends, Splits and Trading Volume",Yahoo_Finance,https://finance.yahoo.com/
487,Equities,industry,Real Estate,MAA,datasets,Untitled Dataset 2016-12-05 22:50:30,Yahoo_Finance,https://finance.yahoo.com/
488,Equities,industry,Consumer Discretionary,UAA,datasets,Untitled Dataset 2016-12-08 22:50:57,Yahoo_Finance,https://finance.yahoo.com/
489,Equities,industry,Information Technology,DXC,datasets,Untitled Dataset 2017-04-03 21:48:26,Yahoo_Finance,https://finance.yahoo.com/
490,Equities,industry,Industrials,INFO,datasets,Untitled Dataset 2017-06-02 21:47:38,Yahoo_Finance,https://finance.yahoo.com/
491,Equities,industry,Consumer Discretionary,HLT,datasets,Untitled Dataset 2017-06-19 21:47:22,Yahoo_Finance,https://finance.yahoo.com/
492,Equities,industry,Energy,BHGE,datasets,Untitled Dataset 2017-07-06 21:49:16,Yahoo_Finance,https://finance.yahoo.com/
493,Equities,industry,Energy,ANDV,datasets,Untitled Dataset 2017-08-03 21:55:06,Yahoo_Finance,https://finance.yahoo.com/
494,Equities,industry,Financials,BHF,datasets,Untitled Dataset 2017-08-08 21:49:22,Yahoo_Finance,https://finance.yahoo.com/
495,Equities,industry,Materials,DWDP,datasets,Untitled Dataset 2017-09-01 21:48:13,Yahoo_Finance,https://finance.yahoo.com/
496,Equities,industry,Consumer Discretionary,TPR,datasets,Untitled Dataset 2017-10-31 21:49:32,Yahoo_Finance,https://finance.yahoo.com/
497,Equities,industry,Health Care,IQV,datasets,Untitled Dataset 2017-11-15 22:51:25,Yahoo_Finance,https://finance.yahoo.com/
498,Equities,industry,Consumer Discretionary,APTV,datasets,Untitled Dataset 2017-12-08 22:49:09,Yahoo_Finance,https://finance.yahoo.com/
499,Equities,industry,Real Estate,WELL,datasets,Untitled Dataset 2018-03-08 17:01:31,Yahoo_Finance,https://finance.yahoo.com/
500,Equities,industry,Consumer Discretionary,BKNG,datasets,Untitled Dataset 2018-03-08 17:02:10,Yahoo_Finance,https://finance.yahoo.com/
501,Equities,industry,Real Estate,CBRE,datasets,Untitled Dataset 2018-03-22 21:45:57,Yahoo_Finance,https://finance.yahoo.com/
502,Asset Class,industry,Asset Class,BAMLCC0A0CMTRIV,time_series,ICE BofAML US Corp Master Total Return Index Value,FRED,https://fred.stlouisfed.org/
503,Asset Class,industry,Asset Class,BAMLHYH0A0HYM2TRIV,time_series,ICE BofAML US High Yield Total Return Index Value,FRED,https://fred.stlouisfed.org/
504,Asset Class,industry,Asset Class,RU2000PR,time_series,Russell 2000 Price Index,FRED,https://fred.stlouisfed.org/
505,Asset Class,industry,Asset Class,SP500,time_series,S&P 500,FRED,https://fred.stlouisfed.org/
506,Asset Class,industry,Asset Class,WILL5000INDFC,time_series,Wilshire 5000 Total Market Full Cap Index,FRED,https://fred.stlouisfed.org/
507,Macro-economic Indicator,industry,Commodity,DCOILWTICO,time_series,"Crude Oil Prices: West Texas Intermediate (WTI) - Cushing, Oklahoma",FRED,https://fred.stlouisfed.org/
508,Macro-economic Indicator,industry,Commodity,GOLDPMGBD228NLBM,time_series,"Gold Fixing Price 3:00 P.M. (London time) in London Bullion Market, based in U.S. Dollars",FRED,https://fred.stlouisfed.org/
509,Macro-economic Indicator,industry,Commodity,PALLFNFINDEXQ,time_series,Global Price Index of All Commodities,FRED,https://fred.stlouisfed.org/
510,Macro-economic Indicator,industry,Commodity,WTISPLC,time_series,Spot Crude Oil Price: West Texas Intermediate (WTI),FRED,https://fred.stlouisfed.org/
511,Macro-economic Indicator,industry,Credit - Fed Sr. Loan Officer Survey,DRTSCILM,time_series,Tighter Standars for C&I Loans for Large Firms (%),FRED,https://fred.stlouisfed.org/
512,Macro-economic Indicator,industry,Credit - Fed Sr. Loan Officer Survey,DRTSCLCC,time_series,"Tighter Standars for Consumer Loans, Credit Cards (%)",FRED,https://fred.stlouisfed.org/
513,Macro-economic Indicator,industry,Credit - Fed Sr. Loan Officer Survey,STDSAUTO,time_series,Tighter Standars for Auto Loans (%),FRED,https://fred.stlouisfed.org/
514,Macro-economic Indicator,industry,Credit - Fed Sr. Loan Officer Survey,DRISCFLM,time_series,Increasing Loan Rates to Large Firms (%),FRED,https://fred.stlouisfed.org/
515,Macro-economic Indicator,industry,Economic Activity,INDPRO,time_series,Industrial Production Index,FRED,https://fred.stlouisfed.org/
516,Macro-economic Indicator,industry,Economic Activity,TCU,time_series,Capacity Utilization: Total Industry,FRED,https://fred.stlouisfed.org/
517,Macro-economic Indicator,industry,Economic Activity,ACOGNO,time_series,New Orders: Consumer Goods and Materials,FRED,https://fred.stlouisfed.org/
518,Macro-economic Indicator,industry,Economic Activity,NEWORDER,time_series,Manufacturing New Orders - Non Defense Capital Goods,FRED,https://fred.stlouisfed.org/
519,Macro-economic Indicator,industry,Government Sector,FYFSGDA188S,time_series,Gov't Budget Balance (USD bn) / (% of GDP),FRED,https://fred.stlouisfed.org/
520,Macro-economic Indicator,industry,Income and Expenditure,DSPIC96,time_series,Real Disposable Personal Income,FRED,https://fred.stlouisfed.org/
521,Macro-economic Indicator,industry,Income and Expenditure,PCEC96,time_series,Real Personal Consumption Expenditures,FRED,https://fred.stlouisfed.org/
522,Macro-economic Indicator,industry,Income and Expenditure,A229RX0,time_series,Real Disposable Personal Income: Per Capita,FRED,https://fred.stlouisfed.org/
523,Macro-economic Indicator,industry,Income and Expenditure,PSAVERT,time_series,Personal Saving Rate,FRED,https://fred.stlouisfed.org/
524,Macro-economic Indicator,industry,Income and Expenditure,TOTALSL,time_series,Consumer Credit,FRED,https://fred.stlouisfed.org/
525,Macro-economic Indicator,industry,Interest Rates,DGS10,time_series,10-Year Treasury Constant Maturity Rate,FRED,https://fred.stlouisfed.org/
526,Macro-economic Indicator,industry,Interest Rates,DTB3,time_series,3-Month Treasury Bill: Secondary Market Rate,FRED,https://fred.stlouisfed.org/
527,Macro-economic Indicator,industry,Interest Rates,MORTGAGE30US,time_series,30-Year Fixed Rate Mortgage Average in the United States,FRED,https://fred.stlouisfed.org/
528,Macro-economic Indicator,industry,Interest Rates,TEDRATE,time_series,TED Spread,FRED,https://fred.stlouisfed.org/
529,Macro-economic Indicator,industry,Labor,IC4WSA,time_series,4-Week Moving Average of Initial Claims,FRED,https://fred.stlouisfed.org/
530,Macro-economic Indicator,industry,Labor,ICSA,time_series,Initial Jobless Claims,FRED,https://fred.stlouisfed.org/
531,Macro-economic Indicator,industry,Labor,PAYEMS,time_series,Payrolls: Total nonfarm,FRED,https://fred.stlouisfed.org/
532,Macro-economic Indicator,industry,Labor,UNRATE,time_series,Civilian Unemployment Rate,FRED,https://fred.stlouisfed.org/
533,Macro-economic Indicator,industry,Labor,AWHNONAG,time_series,Average Work Week,FRED,https://fred.stlouisfed.org/
534,Macro-economic Indicator,industry,Money Supply,BASE,time_series,St. Louis Adjusted Monetary Base,FRED,https://fred.stlouisfed.org/
535,Macro-economic Indicator,industry,Money Supply,M1,time_series,M1 Money Stock,FRED,https://fred.stlouisfed.org/
536,Macro-economic Indicator,industry,National Accounts,GDP,time_series,Gross Domestic Product,FRED,https://fred.stlouisfed.org/
537,Macro-economic Indicator,industry,National Accounts,GDPC1,time_series,Real Gross Domestic Product,FRED,https://fred.stlouisfed.org/
538,Macro-economic Indicator,industry,National Accounts,GDP,time_series,Nominal GDP,FRED,https://fred.stlouisfed.org/
539,Macro-economic Indicator,industry,Other Economic Indicators,CP,time_series,Corporate Profits After Tax (without IVA and CCAdj),FRED,https://fred.stlouisfed.org/
540,Macro-economic Indicator,industry,Other Economic Indicators,USSLIND,time_series,Leading Index for the United States,FRED,https://fred.stlouisfed.org/
541,Macro-economic Indicator,industry,Output,CBIC1,time_series,Change in Real Private Inventories,FRED,https://fred.stlouisfed.org/
542,Macro-economic Indicator,industry,Prices and Inflation,CPILFESL,time_series,Consumer Price Index for All Urban Consumers: All Items Less Food & Energy,FRED,https://fred.stlouisfed.org/
543,Macro-economic Indicator,industry,Prices and Inflation,PPIACO,time_series,Producer prices (PPI of finished goods and PPI of intermediate goods),FRED,https://fred.stlouisfed.org/
544,Macro-economic Indicator,industry,Prices and Inflation,PCEPILFE,time_series,Core PCE,FRED,https://fred.stlouisfed.org/
545,Macro-economic Indicator,industry,Real Estate,CSUSHPINSA,time_series,S&P/Case-Shiller U.S. National Home Price Index,FRED,https://fred.stlouisfed.org/
546,Macro-economic Indicator,industry,Real Estate,SPCS20RSA,time_series,S&P/Case-Shiller 20-City Composite Home Price Index,FRED,https://fred.stlouisfed.org/
547,Macro-economic Indicator,industry,Real Estate,PERMIT,time_series,Building Permits,FRED,https://fred.stlouisfed.org/
548,Macro-economic Indicator,industry,Real Estate,HSN1F,time_series,New Home Sales,FRED,https://fred.stlouisfed.org/
549,Macro-economic Indicator,industry,Retail Sector,ALTSALES,time_series,Light Weight Vehicle Sales: Autos and Light Trucks,FRED,https://fred.stlouisfed.org/
550,Macro-economic Indicator,industry,Retail Sector,RRSFS,time_series,Real Retail and Food Services Sales,FRED,https://fred.stlouisfed.org/
551,Macro-economic Indicator,industry,Retail Sector,TOTALSA,time_series,Total Vehicle Sales,FRED,https://fred.stlouisfed.org/
552,Macro-economic Indicator,industry,Retail Sector,RSXFS,time_series,Retail Sales,FRED,https://fred.stlouisfed.org/
553,Macro-economic Indicator,industry,Retail Sector,RSFSXMV,time_series,Retail Sales (excl. Autos),FRED,https://fred.stlouisfed.org/
554,Asset Class,industry,Asset Class,SPX Index,time_series,S&P 500,Bloomberg,https://www.bloomberg.com/
555,Asset Class,industry,Asset Class,FNERTR Index,time_series,REIT,Bloomberg,https://www.bloomberg.com/
556,Asset Class,industry,Asset Class,RU10INTR Index,time_series,Russell 1000,Bloomberg,https://www.bloomberg.com/
557,Asset Class,industry,Asset Class,RU20INTR Index,time_series,Small Stocks,Bloomberg,https://www.bloomberg.com/
558,Asset Class,industry,Asset Class,GDDUEAFE Index,time_series,Developed EAFE,Bloomberg,https://www.bloomberg.com/
559,Asset Class,industry,Asset Class,GDLEEGF Index,time_series,Emerging Mkts,Bloomberg,https://www.bloomberg.com/
560,Asset Class,industry,Asset Class,SPGSCITR Index,time_series,Commodities,Bloomberg,https://www.bloomberg.com/
561,Asset Class,industry,Asset Class,XAU BGN Curncy,time_series,Gold Bullion,Bloomberg,https://www.bloomberg.com/
562,Asset Class,industry,Asset Class,OILPHIST Index,time_series,Crude Oil,Bloomberg,https://www.bloomberg.com/
563,Asset Class,industry,Asset Class,SPBDUB6T Index,time_series,Cash,Bloomberg,https://www.bloomberg.com/
564,Asset Class,industry,Asset Class,LMBITR Index,time_series,Munis,Bloomberg,https://www.bloomberg.com/
565,Asset Class,industry,Asset Class,LBUTTRUU Index,time_series,Treasury Inflation Protected (TIPS),Bloomberg,https://www.bloomberg.com/
566,Asset Class,industry,Asset Class,LBUSTRUU Index,time_series,US Agg IG Credit,Bloomberg,https://www.bloomberg.com/
567,Asset Class,industry,Asset Class,LF98TRUU Index,time_series,US High Yield Credit,Bloomberg,https://www.bloomberg.com/
568,Asset Class,industry,Asset Class,BT69TRUU Index,time_series,US ST Treasuries,Bloomberg,https://www.bloomberg.com/
569,Asset Class,industry,Asset Class,LT31TRUU Index,time_series,US 3-10 Treasuries,Bloomberg,https://www.bloomberg.com/
570,Asset Class,industry,Asset Class,LUTLTRUU Index,time_series,US LT Treasuries,Bloomberg,https://www.bloomberg.com/
571,Asset Class,industry,Asset Class,LGDRTRUU Index,time_series,Global Agg Credit,Bloomberg,https://www.bloomberg.com/
572,Asset Class,industry,Asset Class,EMUSTRUU Index,time_series,EM USD Agg Credit,Bloomberg,https://www.bloomberg.com/
573,Asset Class,industry,Asset Class,BEBGTRUU Index,time_series,EM High Yield ,Bloomberg,https://www.bloomberg.com/